<?xml version="1.0" encoding="UTF-8"?>
<!DOCTYPE POWERMART SYSTEM "powrmart.dtd">
<POWERMART CREATION_DATE="08/18/2017 08:01:59" REPOSITORY_VERSION="184.93">
<REPOSITORY NAME="EDW_DV1_Dev_961" VERSION="184" CODEPAGE="UTF-8" DATABASETYPE="Oracle">
<FOLDER NAME="EDWTD_MIGRATION" GROUP="" OWNER="infoadm" SHARED="NOTSHARED" DESCRIPTION="Mappings will be created in this folder to moigrate history data from EDW to Teradata database." PERMISSIONS="rwx---r--" UUID="a0429ef8-1ace-4bfa-8837-707749f84347">
    <SOURCE BUSINESSNAME ="" DATABASETYPE ="Oracle" DBDNAME ="DV1CG1" DESCRIPTION ="" NAME ="RA_CUSTOMER_TRX_LINES_ALL_EXTN" OBJECTVERSION ="1" OWNERNAME ="APPSRO" VERSIONNUMBER ="4">
        <SOURCEFIELD BUSINESSNAME ="" DATATYPE ="number(p,s)" DESCRIPTION ="" FIELDNUMBER ="1" FIELDPROPERTY ="0" FIELDTYPE ="ELEMITEM" HIDDEN ="NO" KEYTYPE ="NOT A KEY" LENGTH ="17" LEVEL ="0" NAME ="CUSTOMER_TRX_LINE_ID" NULLABLE ="NOTNULL" OCCURS ="0" OFFSET ="0" PHYSICALLENGTH ="15" PHYSICALOFFSET ="0" PICTURETEXT ="" PRECISION ="15" SCALE ="0" USAGE_FLAGS =""/>
        <SOURCEFIELD BUSINESSNAME ="" DATATYPE ="number(p,s)" DESCRIPTION ="" FIELDNUMBER ="2" FIELDPROPERTY ="0" FIELDTYPE ="ELEMITEM" HIDDEN ="NO" KEYTYPE ="NOT A KEY" LENGTH ="17" LEVEL ="0" NAME ="CUSTOMER_TRX_ID" NULLABLE ="NOTNULL" OCCURS ="0" OFFSET ="17" PHYSICALLENGTH ="15" PHYSICALOFFSET ="15" PICTURETEXT ="" PRECISION ="15" SCALE ="0" USAGE_FLAGS =""/>
        <SOURCEFIELD BUSINESSNAME ="" DATATYPE ="nvarchar2" DESCRIPTION ="" FIELDNUMBER ="3" FIELDPROPERTY ="0" FIELDTYPE ="ELEMITEM" HIDDEN ="NO" KEYTYPE ="NOT A KEY" LENGTH ="0" LEVEL ="0" NAME ="ATTRIBUTE11" NULLABLE ="NULL" OCCURS ="0" OFFSET ="34" PHYSICALLENGTH ="150" PHYSICALOFFSET ="30" PICTURETEXT ="" PRECISION ="150" SCALE ="0" USAGE_FLAGS =""/>
        <SOURCEFIELD BUSINESSNAME ="" DATATYPE ="number(p,s)" DESCRIPTION ="" FIELDNUMBER ="4" FIELDPROPERTY ="0" FIELDTYPE ="ELEMITEM" HIDDEN ="NO" KEYTYPE ="NOT A KEY" LENGTH ="17" LEVEL ="0" NAME ="EXTN_CUSTOMER_TRX_LINE_ID" NULLABLE ="NULL" OCCURS ="0" OFFSET ="34" PHYSICALLENGTH ="15" PHYSICALOFFSET ="180" PICTURETEXT ="" PRECISION ="15" SCALE ="0" USAGE_FLAGS =""/>
        <SOURCEFIELD BUSINESSNAME ="" DATATYPE ="number" DESCRIPTION ="" FIELDNUMBER ="5" FIELDPROPERTY ="0" FIELDTYPE ="ELEMITEM" HIDDEN ="NO" KEYTYPE ="NOT A KEY" LENGTH ="24" LEVEL ="0" NAME ="SUBSCRIPTION_CREDIT_TOTAL" NULLABLE ="NULL" OCCURS ="0" OFFSET ="51" PHYSICALLENGTH ="15" PHYSICALOFFSET ="195" PICTURETEXT ="" PRECISION ="15" SCALE ="0" USAGE_FLAGS =""/>
        <SOURCEFIELD BUSINESSNAME ="" DATATYPE ="number" DESCRIPTION ="" FIELDNUMBER ="6" FIELDPROPERTY ="0" FIELDTYPE ="ELEMITEM" HIDDEN ="NO" KEYTYPE ="NOT A KEY" LENGTH ="24" LEVEL ="0" NAME ="AMORTIZED_SUBSC_CREDIT_AMOUNT" NULLABLE ="NULL" OCCURS ="0" OFFSET ="75" PHYSICALLENGTH ="15" PHYSICALOFFSET ="210" PICTURETEXT ="" PRECISION ="15" SCALE ="0" USAGE_FLAGS =""/>
    </SOURCE>
    <TARGET BUSINESSNAME ="" CONSTRAINT ="" DATABASETYPE ="Flat File" DESCRIPTION ="" NAME ="FF_RA_CUSTOMER_TRX_LINES_ALL_EXTN_HIST" OBJECTVERSION ="1" TABLEOPTIONS ="" VERSIONNUMBER ="4">
        <FLATFILE CODEPAGE ="MS1252" CONSECDELIMITERSASONE ="NO" DELIMITED ="YES" DELIMITERS ="ê" ESCAPE_CHARACTER ="" KEEPESCAPECHAR ="NO" LINESEQUENTIAL ="NO" MULTIDELIMITERSASAND ="NO" NULLCHARTYPE ="ASCII" NULL_CHARACTER ="*" PADBYTES ="1" QUOTE_CHARACTER ="NONE" REPEATABLE ="NO" ROWDELIMITER ="0" SKIPROWS ="0" STRIPTRAILINGBLANKS ="NO"/>
        <TARGETFIELD BUSINESSNAME ="" DATATYPE ="number" DESCRIPTION ="" FIELDNUMBER ="1" KEYTYPE ="NOT A KEY" NAME ="CUSTOMER_TRX_LINE_ID" NULLABLE ="NOTNULL" PICTURETEXT ="" PRECISION ="15" SCALE ="0"/>
        <TARGETFIELD BUSINESSNAME ="" DATATYPE ="number" DESCRIPTION ="" FIELDNUMBER ="2" KEYTYPE ="NOT A KEY" NAME ="CUSTOMER_TRX_ID" NULLABLE ="NOTNULL" PICTURETEXT ="" PRECISION ="15" SCALE ="0"/>
        <TARGETFIELD BUSINESSNAME ="" DATATYPE ="string" DESCRIPTION ="" FIELDNUMBER ="3" KEYTYPE ="NOT A KEY" NAME ="ATTRIBUTE11" NULLABLE ="NULL" PICTURETEXT ="" PRECISION ="150" SCALE ="0"/>
        <TARGETFIELD BUSINESSNAME ="" DATATYPE ="number" DESCRIPTION ="" FIELDNUMBER ="4" KEYTYPE ="NOT A KEY" NAME ="EXTN_CUSTOMER_TRX_LINE_ID" NULLABLE ="NULL" PICTURETEXT ="" PRECISION ="15" SCALE ="0"/>
        <TARGETFIELD BUSINESSNAME ="" DATATYPE ="number" DESCRIPTION ="" FIELDNUMBER ="5" KEYTYPE ="NOT A KEY" NAME ="SUBSCRIPTION_CREDIT_TOTAL" NULLABLE ="NULL" PICTURETEXT ="" PRECISION ="26" SCALE ="7"/>
        <TARGETFIELD BUSINESSNAME ="" DATATYPE ="number" DESCRIPTION ="" FIELDNUMBER ="6" KEYTYPE ="NOT A KEY" NAME ="AMORTIZED_SUBSC_CREDIT_AMOUNT" NULLABLE ="NULL" PICTURETEXT ="" PRECISION ="26" SCALE ="7"/>
        <TABLEATTRIBUTE NAME ="Datetime Format" VALUE ="A  19 mm/dd/yyyy hh24:mi:ss"/>
        <TABLEATTRIBUTE NAME ="Thousand Separator" VALUE ="None"/>
        <TABLEATTRIBUTE NAME ="Decimal Separator" VALUE ="."/>
        <TABLEATTRIBUTE NAME ="Line Endings" VALUE ="System default"/>
    </TARGET>
    <MAPPING DESCRIPTION ="" ISVALID ="YES" NAME ="m_FF_RA_CUSTOMER_TRX_LINES_ALL_EXTN_HIST" OBJECTVERSION ="1" VERSIONNUMBER ="4">
        <TRANSFORMATION DESCRIPTION ="" NAME ="SQ_RA_CUSTOMER_TRX_LINES_ALL_EXTN" OBJECTVERSION ="1" REUSABLE ="NO" TYPE ="Source Qualifier" VERSIONNUMBER ="3">
            <TRANSFORMFIELD DATATYPE ="decimal" DEFAULTVALUE ="" DESCRIPTION ="" NAME ="CUSTOMER_TRX_LINE_ID" PICTURETEXT ="" PORTTYPE ="INPUT/OUTPUT" PRECISION ="15" SCALE ="0"/>
            <TRANSFORMFIELD DATATYPE ="decimal" DEFAULTVALUE ="" DESCRIPTION ="" NAME ="CUSTOMER_TRX_ID" PICTURETEXT ="" PORTTYPE ="INPUT/OUTPUT" PRECISION ="15" SCALE ="0"/>
            <TRANSFORMFIELD DATATYPE ="nstring" DEFAULTVALUE ="" DESCRIPTION ="" NAME ="ATTRIBUTE11" PICTURETEXT ="" PORTTYPE ="INPUT/OUTPUT" PRECISION ="150" SCALE ="0"/>
            <TRANSFORMFIELD DATATYPE ="decimal" DEFAULTVALUE ="" DESCRIPTION ="" NAME ="EXTN_CUSTOMER_TRX_LINE_ID" PICTURETEXT ="" PORTTYPE ="INPUT/OUTPUT" PRECISION ="15" SCALE ="0"/>
            <TRANSFORMFIELD DATATYPE ="double" DEFAULTVALUE ="" DESCRIPTION ="" NAME ="SUBSCRIPTION_CREDIT_TOTAL" PICTURETEXT ="" PORTTYPE ="INPUT/OUTPUT" PRECISION ="15" SCALE ="0"/>
            <TRANSFORMFIELD DATATYPE ="double" DEFAULTVALUE ="" DESCRIPTION ="" NAME ="AMORTIZED_SUBSC_CREDIT_AMOUNT" PICTURETEXT ="" PORTTYPE ="INPUT/OUTPUT" PRECISION ="15" SCALE ="0"/>
            <TABLEATTRIBUTE NAME ="Sql Query" VALUE ="SELECT&#xD;&#xA;CUST_TRX_ALL.CUSTOMER_TRX_LINE_ID,&#xD;&#xA;CUST_TRX_ALL.CUSTOMER_TRX_ID,&#xD;&#xA;CUST_TRX_ALL.ATTRIBUTE11,&#xD;&#xA;EXTN_ALL.CUSTOMER_TRX_LINE_ID,&#xD;&#xA;COALESCE(EXTN_ALL.SUBSCRIPTION_CREDIT_TOTAL,0.000000),&#xD;&#xA;COALESCE(EXTN_ALL.AMORTIZED_SUBSC_CREDIT_AMOUNT,0.000000)&#xD;&#xA;FROM RA_CUSTOMER_TRX_LINES_ALL CUST_TRX_ALL&#xD;&#xA;LEFT OUTER JOIN XXCFIR_RA_CUST_TRX_LINES_EXTN EXTN_ALL&#xD;&#xA;ON CUST_TRX_ALL.CUSTOMER_TRX_LINE_ID=EXTN_ALL.CUSTOMER_TRX_LINE_ID&#xD;&#xA;WHERE 1=1&#xD;&#xA;AND CUST_TRX_ALL.LINE_TYPE=&apos;LINE&apos;&#xD;&#xA;AND CUST_TRX_ALL.ATTRIBUTE11 IS NOT NULL&#xD;&#xA;AND CUST_TRX_ALL.INTERFACE_LINE_CONTEXT IN  (&apos;XAAS&apos;,&apos;ICMS-XAAS&apos;,&apos;PP-XAAS&apos;)"/>
            <TABLEATTRIBUTE NAME ="User Defined Join" VALUE =""/>
            <TABLEATTRIBUTE NAME ="Source Filter" VALUE =""/>
            <TABLEATTRIBUTE NAME ="Number Of Sorted Ports" VALUE ="0"/>
            <TABLEATTRIBUTE NAME ="Tracing Level" VALUE ="Normal"/>
            <TABLEATTRIBUTE NAME ="Select Distinct" VALUE ="NO"/>
            <TABLEATTRIBUTE NAME ="Is Partitionable" VALUE ="NO"/>
            <TABLEATTRIBUTE NAME ="Pre SQL" VALUE =""/>
            <TABLEATTRIBUTE NAME ="Post SQL" VALUE =""/>
            <TABLEATTRIBUTE NAME ="Output is deterministic" VALUE ="NO"/>
            <TABLEATTRIBUTE NAME ="Output is repeatable" VALUE ="Never"/>
        </TRANSFORMATION>
        <INSTANCE DESCRIPTION ="" NAME ="FF_RA_CUSTOMER_TRX_LINES_ALL_EXTN_HIST" TRANSFORMATION_NAME ="FF_RA_CUSTOMER_TRX_LINES_ALL_EXTN_HIST" TRANSFORMATION_TYPE ="Target Definition" TYPE ="TARGET"/>
        <INSTANCE DESCRIPTION ="" NAME ="SQ_RA_CUSTOMER_TRX_LINES_ALL_EXTN" REUSABLE ="NO" TRANSFORMATION_NAME ="SQ_RA_CUSTOMER_TRX_LINES_ALL_EXTN" TRANSFORMATION_TYPE ="Source Qualifier" TYPE ="TRANSFORMATION">
            <ASSOCIATED_SOURCE_INSTANCE NAME ="RA_CUSTOMER_TRX_LINES_ALL_EXTN"/>
        </INSTANCE>
        <INSTANCE DBDNAME ="DV1CG1" DESCRIPTION ="" NAME ="RA_CUSTOMER_TRX_LINES_ALL_EXTN" TRANSFORMATION_NAME ="RA_CUSTOMER_TRX_LINES_ALL_EXTN" TRANSFORMATION_TYPE ="Source Definition" TYPE ="SOURCE"/>
        <CONNECTOR FROMFIELD ="CUSTOMER_TRX_LINE_ID" FROMINSTANCE ="SQ_RA_CUSTOMER_TRX_LINES_ALL_EXTN" FROMINSTANCETYPE ="Source Qualifier" TOFIELD ="CUSTOMER_TRX_LINE_ID" TOINSTANCE ="FF_RA_CUSTOMER_TRX_LINES_ALL_EXTN_HIST" TOINSTANCETYPE ="Target Definition"/>
        <CONNECTOR FROMFIELD ="CUSTOMER_TRX_ID" FROMINSTANCE ="SQ_RA_CUSTOMER_TRX_LINES_ALL_EXTN" FROMINSTANCETYPE ="Source Qualifier" TOFIELD ="CUSTOMER_TRX_ID" TOINSTANCE ="FF_RA_CUSTOMER_TRX_LINES_ALL_EXTN_HIST" TOINSTANCETYPE ="Target Definition"/>
        <CONNECTOR FROMFIELD ="ATTRIBUTE11" FROMINSTANCE ="SQ_RA_CUSTOMER_TRX_LINES_ALL_EXTN" FROMINSTANCETYPE ="Source Qualifier" TOFIELD ="ATTRIBUTE11" TOINSTANCE ="FF_RA_CUSTOMER_TRX_LINES_ALL_EXTN_HIST" TOINSTANCETYPE ="Target Definition"/>
        <CONNECTOR FROMFIELD ="EXTN_CUSTOMER_TRX_LINE_ID" FROMINSTANCE ="SQ_RA_CUSTOMER_TRX_LINES_ALL_EXTN" FROMINSTANCETYPE ="Source Qualifier" TOFIELD ="EXTN_CUSTOMER_TRX_LINE_ID" TOINSTANCE ="FF_RA_CUSTOMER_TRX_LINES_ALL_EXTN_HIST" TOINSTANCETYPE ="Target Definition"/>
        <CONNECTOR FROMFIELD ="SUBSCRIPTION_CREDIT_TOTAL" FROMINSTANCE ="SQ_RA_CUSTOMER_TRX_LINES_ALL_EXTN" FROMINSTANCETYPE ="Source Qualifier" TOFIELD ="SUBSCRIPTION_CREDIT_TOTAL" TOINSTANCE ="FF_RA_CUSTOMER_TRX_LINES_ALL_EXTN_HIST" TOINSTANCETYPE ="Target Definition"/>
        <CONNECTOR FROMFIELD ="AMORTIZED_SUBSC_CREDIT_AMOUNT" FROMINSTANCE ="SQ_RA_CUSTOMER_TRX_LINES_ALL_EXTN" FROMINSTANCETYPE ="Source Qualifier" TOFIELD ="AMORTIZED_SUBSC_CREDIT_AMOUNT" TOINSTANCE ="FF_RA_CUSTOMER_TRX_LINES_ALL_EXTN_HIST" TOINSTANCETYPE ="Target Definition"/>
        <CONNECTOR FROMFIELD ="CUSTOMER_TRX_LINE_ID" FROMINSTANCE ="RA_CUSTOMER_TRX_LINES_ALL_EXTN" FROMINSTANCETYPE ="Source Definition" TOFIELD ="CUSTOMER_TRX_LINE_ID" TOINSTANCE ="SQ_RA_CUSTOMER_TRX_LINES_ALL_EXTN" TOINSTANCETYPE ="Source Qualifier"/>
        <CONNECTOR FROMFIELD ="CUSTOMER_TRX_ID" FROMINSTANCE ="RA_CUSTOMER_TRX_LINES_ALL_EXTN" FROMINSTANCETYPE ="Source Definition" TOFIELD ="CUSTOMER_TRX_ID" TOINSTANCE ="SQ_RA_CUSTOMER_TRX_LINES_ALL_EXTN" TOINSTANCETYPE ="Source Qualifier"/>
        <CONNECTOR FROMFIELD ="ATTRIBUTE11" FROMINSTANCE ="RA_CUSTOMER_TRX_LINES_ALL_EXTN" FROMINSTANCETYPE ="Source Definition" TOFIELD ="ATTRIBUTE11" TOINSTANCE ="SQ_RA_CUSTOMER_TRX_LINES_ALL_EXTN" TOINSTANCETYPE ="Source Qualifier"/>
        <CONNECTOR FROMFIELD ="EXTN_CUSTOMER_TRX_LINE_ID" FROMINSTANCE ="RA_CUSTOMER_TRX_LINES_ALL_EXTN" FROMINSTANCETYPE ="Source Definition" TOFIELD ="EXTN_CUSTOMER_TRX_LINE_ID" TOINSTANCE ="SQ_RA_CUSTOMER_TRX_LINES_ALL_EXTN" TOINSTANCETYPE ="Source Qualifier"/>
        <CONNECTOR FROMFIELD ="SUBSCRIPTION_CREDIT_TOTAL" FROMINSTANCE ="RA_CUSTOMER_TRX_LINES_ALL_EXTN" FROMINSTANCETYPE ="Source Definition" TOFIELD ="SUBSCRIPTION_CREDIT_TOTAL" TOINSTANCE ="SQ_RA_CUSTOMER_TRX_LINES_ALL_EXTN" TOINSTANCETYPE ="Source Qualifier"/>
        <CONNECTOR FROMFIELD ="AMORTIZED_SUBSC_CREDIT_AMOUNT" FROMINSTANCE ="RA_CUSTOMER_TRX_LINES_ALL_EXTN" FROMINSTANCETYPE ="Source Definition" TOFIELD ="AMORTIZED_SUBSC_CREDIT_AMOUNT" TOINSTANCE ="SQ_RA_CUSTOMER_TRX_LINES_ALL_EXTN" TOINSTANCETYPE ="Source Qualifier"/>
        <TARGETLOADORDER ORDER ="1" TARGETINSTANCE ="FF_RA_CUSTOMER_TRX_LINES_ALL_EXTN_HIST"/>
        <ERPINFO/>
    </MAPPING>
    <CONFIG DESCRIPTION ="Default session configuration object" ISDEFAULT ="YES" NAME ="default_session_config" VERSIONNUMBER ="7">
        <ATTRIBUTE NAME ="Advanced" VALUE =""/>
        <ATTRIBUTE NAME ="Constraint based load ordering" VALUE ="NO"/>
        <ATTRIBUTE NAME ="Cache LOOKUP() function" VALUE ="YES"/>
        <ATTRIBUTE NAME ="Default buffer block size" VALUE ="Auto"/>
        <ATTRIBUTE NAME ="Line Sequential buffer length" VALUE ="1024"/>
        <ATTRIBUTE NAME ="Maximum Memory Allowed For Auto Memory Attributes" VALUE ="512MB"/>
        <ATTRIBUTE NAME ="Maximum Percentage of Total Memory Allowed For Auto Memory Attributes" VALUE ="5"/>
        <ATTRIBUTE NAME ="Additional Concurrent Pipelines for Lookup Cache Creation" VALUE ="Auto"/>
        <ATTRIBUTE NAME ="Custom Properties" VALUE =""/>
        <ATTRIBUTE NAME ="Pre-build lookup cache" VALUE ="Auto"/>
        <ATTRIBUTE NAME ="Optimization Level" VALUE ="Medium"/>
        <ATTRIBUTE NAME ="DateTime Format String" VALUE ="MM/DD/YYYY HH24:MI:SS"/>
        <ATTRIBUTE NAME ="Pre 85 Timestamp Compatibility" VALUE ="YES"/>
        <ATTRIBUTE NAME ="Log Options" VALUE ="0"/>
        <ATTRIBUTE NAME ="Save session log by" VALUE ="Session runs"/>
        <ATTRIBUTE NAME ="Save session log for these runs" VALUE ="5"/>
        <ATTRIBUTE NAME ="Session Log File Max Size" VALUE ="0"/>
        <ATTRIBUTE NAME ="Session Log File Max Time Period" VALUE ="0"/>
        <ATTRIBUTE NAME ="Maximum Partial Session Log Files" VALUE ="1"/>
        <ATTRIBUTE NAME ="Writer Commit Statistics Log Frequency" VALUE ="1"/>
        <ATTRIBUTE NAME ="Writer Commit Statistics Log Interval" VALUE ="0"/>
        <ATTRIBUTE NAME ="Error handling" VALUE =""/>
        <ATTRIBUTE NAME ="Stop on errors" VALUE ="1"/>
        <ATTRIBUTE NAME ="Override tracing" VALUE ="None"/>
        <ATTRIBUTE NAME ="On Stored Procedure error" VALUE ="Stop"/>
        <ATTRIBUTE NAME ="On Pre-session command task error" VALUE ="Stop"/>
        <ATTRIBUTE NAME ="On Pre-Post SQL error" VALUE ="Stop"/>
        <ATTRIBUTE NAME ="Enable Recovery" VALUE ="NO"/>
        <ATTRIBUTE NAME ="Error Log Type" VALUE ="None"/>
        <ATTRIBUTE NAME ="Error Log Table Name Prefix" VALUE =""/>
        <ATTRIBUTE NAME ="Error Log File Name" VALUE ="PMError.log"/>
        <ATTRIBUTE NAME ="Log Source Row Data" VALUE ="NO"/>
        <ATTRIBUTE NAME ="Data Column Delimiter" VALUE ="|"/>
        <ATTRIBUTE NAME ="Partitioning Options" VALUE =""/>
        <ATTRIBUTE NAME ="Dynamic Partitioning" VALUE ="Disabled"/>
        <ATTRIBUTE NAME ="Number of Partitions" VALUE ="1"/>
        <ATTRIBUTE NAME ="Multiplication Factor" VALUE ="Auto"/>
        <ATTRIBUTE NAME ="Session on Grid" VALUE =""/>
        <ATTRIBUTE NAME ="Is Enabled" VALUE ="NO"/>
    </CONFIG>
    <WORKFLOW DESCRIPTION ="These workflows are created from the Workflow Generation Wizard." ISENABLED ="YES" ISRUNNABLESERVICE ="NO" ISSERVICE ="NO" ISVALID ="YES" NAME ="wf_FF_RA_CUSTOMER_TRX_LINES_ALL_EXTN_HIST" REUSABLE_SCHEDULER ="NO" SCHEDULERNAME ="Scheduler" SERVERNAME ="EDW_DV1_Dev_961_Integration_Service" SERVER_DOMAINNAME ="Domain_EDW_Dev_961" SUSPEND_ON_ERROR ="NO" TASKS_MUST_RUN_ON_SERVER ="NO" VERSIONNUMBER ="1">
        <SCHEDULER DESCRIPTION ="" NAME ="Scheduler" REUSABLE ="NO" VERSIONNUMBER ="1">
            <SCHEDULEINFO SCHEDULETYPE ="ONDEMAND"/>
        </SCHEDULER>
        <TASK DESCRIPTION ="" NAME ="Start" REUSABLE ="NO" TYPE ="Start" VERSIONNUMBER ="1"/>
        <SESSION DESCRIPTION ="" ISVALID ="YES" MAPPINGNAME ="m_FF_RA_CUSTOMER_TRX_LINES_ALL_EXTN_HIST" NAME ="s_m_FF_RA_CUSTOMER_TRX_LINES_ALL_EXTN_HIST" REUSABLE ="NO" SORTORDER ="Binary" VERSIONNUMBER ="1">
            <SESSTRANSFORMATIONINST ISREPARTITIONPOINT ="NO" PIPELINE ="0" SINSTANCENAME ="RA_CUSTOMER_TRX_LINES_ALL_EXTN" STAGE ="0" TRANSFORMATIONNAME ="RA_CUSTOMER_TRX_LINES_ALL_EXTN" TRANSFORMATIONTYPE ="Source Definition"/>
            <SESSTRANSFORMATIONINST ISREPARTITIONPOINT ="YES" PARTITIONTYPE ="PASS THROUGH" PIPELINE ="1" SINSTANCENAME ="SQ_RA_CUSTOMER_TRX_LINES_ALL_EXTN" STAGE ="1" TRANSFORMATIONNAME ="SQ_RA_CUSTOMER_TRX_LINES_ALL_EXTN" TRANSFORMATIONTYPE ="Source Qualifier"/>
            <SESSTRANSFORMATIONINST ISREPARTITIONPOINT ="YES" PARTITIONTYPE ="PASS THROUGH" PIPELINE ="1" SINSTANCENAME ="FF_RA_CUSTOMER_TRX_LINES_ALL_EXTN_HIST" STAGE ="2" TRANSFORMATIONNAME ="FF_RA_CUSTOMER_TRX_LINES_ALL_EXTN_HIST" TRANSFORMATIONTYPE ="Target Definition">
                <FLATFILE CODEPAGE ="MS1252" CONSECDELIMITERSASONE ="NO" DELIMITED ="YES" DELIMITERS ="ê" ESCAPE_CHARACTER ="" KEEPESCAPECHAR ="NO" LINESEQUENTIAL ="NO" MULTIDELIMITERSASAND ="NO" NULLCHARTYPE ="ASCII" NULL_CHARACTER ="*" PADBYTES ="1" QUOTE_CHARACTER ="NONE" REPEATABLE ="NO" ROWDELIMITER ="10" SKIPROWS ="0" STRIPTRAILINGBLANKS ="NO"/>
            </SESSTRANSFORMATIONINST>
            <CONFIGREFERENCE REFOBJECTNAME ="default_session_config" TYPE ="Session config">
                <ATTRIBUTE NAME ="Pre 85 Timestamp Compatibility" VALUE ="YES"/>
                <ATTRIBUTE NAME ="Save session log for these runs" VALUE ="5"/>
                <ATTRIBUTE NAME ="Stop on errors" VALUE ="1"/>
                <ATTRIBUTE NAME ="Override tracing" VALUE ="Normal"/>
            </CONFIGREFERENCE>
            <SESSIONEXTENSION DSQINSTNAME ="SQ_RA_CUSTOMER_TRX_LINES_ALL_EXTN" DSQINSTTYPE ="Source Qualifier" NAME ="Relational Reader" SINSTANCENAME ="RA_CUSTOMER_TRX_LINES_ALL_EXTN" SUBTYPE ="Relational Reader" TRANSFORMATIONTYPE ="Source Definition" TYPE ="READER"/>
            <SESSIONEXTENSION NAME ="Relational Reader" SINSTANCENAME ="SQ_RA_CUSTOMER_TRX_LINES_ALL_EXTN" SUBTYPE ="Relational Reader" TRANSFORMATIONTYPE ="Source Qualifier" TYPE ="READER">
                <CONNECTIONREFERENCE CNXREFNAME ="DB Connection" CONNECTIONNAME ="APPSRO_CG1PRD_SRVC_OTH" CONNECTIONNUMBER ="1" CONNECTIONSUBTYPE ="Oracle" CONNECTIONTYPE ="Relational" VARIABLE =""/>
            </SESSIONEXTENSION>
            <SESSIONEXTENSION NAME ="File Writer" SINSTANCENAME ="FF_RA_CUSTOMER_TRX_LINES_ALL_EXTN_HIST" SUBTYPE ="File Writer" TRANSFORMATIONTYPE ="Target Definition" TYPE ="WRITER">
                <CONNECTIONREFERENCE CNXREFNAME ="Connection" CONNECTIONNAME ="" CONNECTIONNUMBER ="1" CONNECTIONSUBTYPE ="" CONNECTIONTYPE ="" VARIABLE =""/>
                <ATTRIBUTE NAME ="Merge Type" VALUE ="No Merge"/>
                <ATTRIBUTE NAME ="Merge File Directory" VALUE ="$PMTargetFileDir&#x5c;"/>
                <ATTRIBUTE NAME ="Merge File Name" VALUE ="ff_ra_customer_trx_lines_all_extn_hist1.out"/>
                <ATTRIBUTE NAME ="Append if Exists" VALUE ="NO"/>
                <ATTRIBUTE NAME ="Create Target Directory" VALUE ="NO"/>
                <ATTRIBUTE NAME ="Header Options" VALUE ="No Header"/>
                <ATTRIBUTE NAME ="Header Command" VALUE =""/>
                <ATTRIBUTE NAME ="Footer Command" VALUE =""/>
                <ATTRIBUTE NAME ="Output Type" VALUE ="File"/>
                <ATTRIBUTE NAME ="Merge Command" VALUE =""/>
                <ATTRIBUTE NAME ="Output file directory" VALUE ="$PMRootDir/DATA/EDWTD_MIGRATION/work"/>
                <ATTRIBUTE NAME ="Output filename" VALUE ="ff_ra_customer_trx_lines_all_extn_hist.out"/>
                <ATTRIBUTE NAME ="Reject file directory" VALUE ="$PMRootDir/DATA/EDWTD_MIGRATION/reject"/>
                <ATTRIBUTE NAME ="Reject filename" VALUE ="ff_ra_customer_trx_lines_all_extn_hist.bad"/>
                <ATTRIBUTE NAME ="Command" VALUE =""/>
                <ATTRIBUTE NAME ="Codepage Parameter" VALUE =""/>
            </SESSIONEXTENSION>
            <ATTRIBUTE NAME ="General Options" VALUE =""/>
            <ATTRIBUTE NAME ="Write Backward Compatible Session Log File" VALUE ="NO"/>
            <ATTRIBUTE NAME ="Session Log File Name" VALUE ="s_m_FF_RA_CUSTOMER_TRX_LINES_ALL_EXTN_HIST.log"/>
            <ATTRIBUTE NAME ="Session Log File directory" VALUE ="$PMSessionLogDir&#x5c;"/>
            <ATTRIBUTE NAME ="Parameter Filename" VALUE ="$PMRootDir/ctrl/db.parm"/>
            <ATTRIBUTE NAME ="Enable Test Load" VALUE ="NO"/>
            <ATTRIBUTE NAME ="$Source connection value" VALUE =""/>
            <ATTRIBUTE NAME ="$Target connection value" VALUE =""/>
            <ATTRIBUTE NAME ="Treat source rows as" VALUE ="Insert"/>
            <ATTRIBUTE NAME ="Commit Type" VALUE ="Target"/>
            <ATTRIBUTE NAME ="Commit Interval" VALUE ="10000"/>
            <ATTRIBUTE NAME ="Commit On End Of File" VALUE ="YES"/>
            <ATTRIBUTE NAME ="Rollback Transactions on Errors" VALUE ="NO"/>
            <ATTRIBUTE NAME ="Recovery Strategy" VALUE ="Fail task and continue workflow"/>
            <ATTRIBUTE NAME ="Java Classpath" VALUE =""/>
            <ATTRIBUTE NAME ="Performance" VALUE =""/>
            <ATTRIBUTE NAME ="DTM buffer size" VALUE ="Auto"/>
            <ATTRIBUTE NAME ="Collect performance data" VALUE ="NO"/>
            <ATTRIBUTE NAME ="Write performance data to repository" VALUE ="NO"/>
            <ATTRIBUTE NAME ="Incremental Aggregation" VALUE ="NO"/>
            <ATTRIBUTE NAME ="Session retry on deadlock" VALUE ="NO"/>
            <ATTRIBUTE NAME ="Pushdown Optimization" VALUE ="None"/>
            <ATTRIBUTE NAME ="Allow Temporary View for Pushdown" VALUE ="NO"/>
            <ATTRIBUTE NAME ="Allow Temporary Sequence for Pushdown" VALUE ="NO"/>
            <ATTRIBUTE NAME ="Allow Pushdown for User Incompatible Connections" VALUE ="NO"/>
        </SESSION>
        <TASKINSTANCE DESCRIPTION ="" ISENABLED ="YES" NAME ="Start" REUSABLE ="NO" TASKNAME ="Start" TASKTYPE ="Start"/>
        <TASKINSTANCE DESCRIPTION ="" FAIL_PARENT_IF_INSTANCE_DID_NOT_RUN ="YES" FAIL_PARENT_IF_INSTANCE_FAILS ="YES" ISENABLED ="YES" NAME ="s_m_FF_RA_CUSTOMER_TRX_LINES_ALL_EXTN_HIST" REUSABLE ="NO" TASKNAME ="s_m_FF_RA_CUSTOMER_TRX_LINES_ALL_EXTN_HIST" TASKTYPE ="Session" TREAT_INPUTLINK_AS_AND ="YES"/>
        <WORKFLOWLINK CONDITION ="" FROMTASK ="Start" TOTASK ="s_m_FF_RA_CUSTOMER_TRX_LINES_ALL_EXTN_HIST"/>
        <WORKFLOWVARIABLE DATATYPE ="date/time" DEFAULTVALUE ="" DESCRIPTION ="The time this task started" ISNULL ="NO" ISPERSISTENT ="NO" NAME ="$Start.StartTime" USERDEFINED ="NO"/>
        <WORKFLOWVARIABLE DATATYPE ="date/time" DEFAULTVALUE ="" DESCRIPTION ="The time this task completed" ISNULL ="NO" ISPERSISTENT ="NO" NAME ="$Start.EndTime" USERDEFINED ="NO"/>
        <WORKFLOWVARIABLE DATATYPE ="integer" DEFAULTVALUE ="" DESCRIPTION ="Status of this task&apos;s execution" ISNULL ="NO" ISPERSISTENT ="NO" NAME ="$Start.Status" USERDEFINED ="NO"/>
        <WORKFLOWVARIABLE DATATYPE ="integer" DEFAULTVALUE ="" DESCRIPTION ="Status of the previous task that is not disabled" ISNULL ="NO" ISPERSISTENT ="NO" NAME ="$Start.PrevTaskStatus" USERDEFINED ="NO"/>
        <WORKFLOWVARIABLE DATATYPE ="integer" DEFAULTVALUE ="" DESCRIPTION ="Error code for this task&apos;s execution" ISNULL ="NO" ISPERSISTENT ="NO" NAME ="$Start.ErrorCode" USERDEFINED ="NO"/>
        <WORKFLOWVARIABLE DATATYPE ="string" DEFAULTVALUE ="" DESCRIPTION ="Error message for this task&apos;s execution" ISNULL ="NO" ISPERSISTENT ="NO" NAME ="$Start.ErrorMsg" USERDEFINED ="NO"/>
        <WORKFLOWVARIABLE DATATYPE ="date/time" DEFAULTVALUE ="" DESCRIPTION ="The time this task started" ISNULL ="NO" ISPERSISTENT ="NO" NAME ="$s_m_FF_RA_CUSTOMER_TRX_LINES_ALL_EXTN_HIST.StartTime" USERDEFINED ="NO"/>
        <WORKFLOWVARIABLE DATATYPE ="date/time" DEFAULTVALUE ="" DESCRIPTION ="The time this task completed" ISNULL ="NO" ISPERSISTENT ="NO" NAME ="$s_m_FF_RA_CUSTOMER_TRX_LINES_ALL_EXTN_HIST.EndTime" USERDEFINED ="NO"/>
        <WORKFLOWVARIABLE DATATYPE ="integer" DEFAULTVALUE ="" DESCRIPTION ="Status of this task&apos;s execution" ISNULL ="NO" ISPERSISTENT ="NO" NAME ="$s_m_FF_RA_CUSTOMER_TRX_LINES_ALL_EXTN_HIST.Status" USERDEFINED ="NO"/>
        <WORKFLOWVARIABLE DATATYPE ="integer" DEFAULTVALUE ="" DESCRIPTION ="Status of the previous task that is not disabled" ISNULL ="NO" ISPERSISTENT ="NO" NAME ="$s_m_FF_RA_CUSTOMER_TRX_LINES_ALL_EXTN_HIST.PrevTaskStatus" USERDEFINED ="NO"/>
        <WORKFLOWVARIABLE DATATYPE ="integer" DEFAULTVALUE ="" DESCRIPTION ="Error code for this task&apos;s execution" ISNULL ="NO" ISPERSISTENT ="NO" NAME ="$s_m_FF_RA_CUSTOMER_TRX_LINES_ALL_EXTN_HIST.ErrorCode" USERDEFINED ="NO"/>
        <WORKFLOWVARIABLE DATATYPE ="string" DEFAULTVALUE ="" DESCRIPTION ="Error message for this task&apos;s execution" ISNULL ="NO" ISPERSISTENT ="NO" NAME ="$s_m_FF_RA_CUSTOMER_TRX_LINES_ALL_EXTN_HIST.ErrorMsg" USERDEFINED ="NO"/>
        <WORKFLOWVARIABLE DATATYPE ="integer" DEFAULTVALUE ="" DESCRIPTION ="Rows successfully read" ISNULL ="NO" ISPERSISTENT ="NO" NAME ="$s_m_FF_RA_CUSTOMER_TRX_LINES_ALL_EXTN_HIST.SrcSuccessRows" USERDEFINED ="NO"/>
        <WORKFLOWVARIABLE DATATYPE ="integer" DEFAULTVALUE ="" DESCRIPTION ="Rows failed to read" ISNULL ="NO" ISPERSISTENT ="NO" NAME ="$s_m_FF_RA_CUSTOMER_TRX_LINES_ALL_EXTN_HIST.SrcFailedRows" USERDEFINED ="NO"/>
        <WORKFLOWVARIABLE DATATYPE ="integer" DEFAULTVALUE ="" DESCRIPTION ="Rows successfully loaded" ISNULL ="NO" ISPERSISTENT ="NO" NAME ="$s_m_FF_RA_CUSTOMER_TRX_LINES_ALL_EXTN_HIST.TgtSuccessRows" USERDEFINED ="NO"/>
        <WORKFLOWVARIABLE DATATYPE ="integer" DEFAULTVALUE ="" DESCRIPTION ="Rows failed to load" ISNULL ="NO" ISPERSISTENT ="NO" NAME ="$s_m_FF_RA_CUSTOMER_TRX_LINES_ALL_EXTN_HIST.TgtFailedRows" USERDEFINED ="NO"/>
        <WORKFLOWVARIABLE DATATYPE ="integer" DEFAULTVALUE ="" DESCRIPTION ="Total number of transformation errors" ISNULL ="NO" ISPERSISTENT ="NO" NAME ="$s_m_FF_RA_CUSTOMER_TRX_LINES_ALL_EXTN_HIST.TotalTransErrors" USERDEFINED ="NO"/>
        <WORKFLOWVARIABLE DATATYPE ="integer" DEFAULTVALUE ="" DESCRIPTION ="First error code" ISNULL ="NO" ISPERSISTENT ="NO" NAME ="$s_m_FF_RA_CUSTOMER_TRX_LINES_ALL_EXTN_HIST.FirstErrorCode" USERDEFINED ="NO"/>
        <WORKFLOWVARIABLE DATATYPE ="string" DEFAULTVALUE ="" DESCRIPTION ="First error message" ISNULL ="NO" ISPERSISTENT ="NO" NAME ="$s_m_FF_RA_CUSTOMER_TRX_LINES_ALL_EXTN_HIST.FirstErrorMsg" USERDEFINED ="NO"/>
        <ATTRIBUTE NAME ="Parameter Filename" VALUE =""/>
        <ATTRIBUTE NAME ="Write Backward Compatible Workflow Log File" VALUE ="NO"/>
        <ATTRIBUTE NAME ="Workflow Log File Name" VALUE ="wf_FF_RA_CUSTOMER_TRX_LINES_ALL_EXTN_HIST.log"/>
        <ATTRIBUTE NAME ="Workflow Log File Directory" VALUE ="$PMWorkflowLogDir&#x5c;"/>
        <ATTRIBUTE NAME ="Save Workflow log by" VALUE ="By runs"/>
        <ATTRIBUTE NAME ="Save workflow log for these runs" VALUE ="0"/>
        <ATTRIBUTE NAME ="Service Name" VALUE =""/>
        <ATTRIBUTE NAME ="Service Timeout" VALUE ="0"/>
        <ATTRIBUTE NAME ="Is Service Visible" VALUE ="NO"/>
        <ATTRIBUTE NAME ="Is Service Protected" VALUE ="NO"/>
        <ATTRIBUTE NAME ="Enable HA recovery" VALUE ="NO"/>
        <ATTRIBUTE NAME ="Automatically recover terminated tasks" VALUE ="NO"/>
        <ATTRIBUTE NAME ="Service Level Name" VALUE ="Default"/>
        <ATTRIBUTE NAME ="Allow concurrent run with unique run instance name" VALUE ="NO"/>
        <ATTRIBUTE NAME ="Allow concurrent run with same run instance name" VALUE ="NO"/>
        <ATTRIBUTE NAME ="Maximum number of concurrent runs" VALUE ="0"/>
        <ATTRIBUTE NAME ="Assigned Web Services Hubs" VALUE =""/>
        <ATTRIBUTE NAME ="Maximum number of concurrent runs per Hub" VALUE ="1000"/>
        <ATTRIBUTE NAME ="Expected Service Time" VALUE ="1"/>
    </WORKFLOW>
</FOLDER>
</REPOSITORY>
</POWERMART>