<?xml version="1.0" encoding="UTF-8"?>
<!DOCTYPE POWERMART SYSTEM "powrmart.dtd">
<POWERMART CREATION_DATE="09/15/2017 15:43:03" REPOSITORY_VERSION="184.93">
<REPOSITORY NAME="EDW_Prod_961" VERSION="184" CODEPAGE="UTF-8" DATABASETYPE="Oracle">
<FOLDER NAME="EDWTD_AR" GROUP="" OWNER="infoadm" SHARED="NOTSHARED" DESCRIPTION="EDW 2B Development Team
PM:gbhakta" PERMISSIONS="rwx---r--" UUID="73423456-2ce8-4f49-8c48-85e40dac346a">
    <SOURCE BUSINESSNAME ="" DATABASETYPE ="Teradata" DBDNAME ="TDDEV" DESCRIPTION ="" NAME ="W_ROL_TRX_LINE_GL_DISTRI" OBJECTVERSION ="1" OWNERNAME ="WORKDB_DV1" VERSIONNUMBER ="3">
        <SOURCEFIELD BUSINESSNAME ="" DATATYPE ="integer" DESCRIPTION ="" FIELDNUMBER ="1" FIELDPROPERTY ="0" FIELDTYPE ="ELEMITEM" HIDDEN ="NO" KEYTYPE ="PRIMARY KEY" LENGTH ="11" LEVEL ="0" NAME ="ROL_TRX_LINE_GL_DISTRI_KEY" NULLABLE ="NOTNULL" OCCURS ="0" OFFSET ="0" PHYSICALLENGTH ="10" PHYSICALOFFSET ="0" PICTURETEXT ="" PRECISION ="10" SCALE ="0" USAGE_FLAGS =""/>
        <SOURCEFIELD BUSINESSNAME ="" DATATYPE ="integer" DESCRIPTION ="" FIELDNUMBER ="2" FIELDPROPERTY ="0" FIELDTYPE ="ELEMITEM" HIDDEN ="NO" KEYTYPE ="NOT A KEY" LENGTH ="11" LEVEL ="0" NAME ="SK_TRX_DISTRI_ID_INT" NULLABLE ="NOTNULL" OCCURS ="0" OFFSET ="11" PHYSICALLENGTH ="10" PHYSICALOFFSET ="10" PICTURETEXT ="" PRECISION ="10" SCALE ="0" USAGE_FLAGS =""/>
        <SOURCEFIELD BUSINESSNAME ="" DATATYPE ="integer" DESCRIPTION ="" FIELDNUMBER ="3" FIELDPROPERTY ="0" FIELDTYPE ="ELEMITEM" HIDDEN ="NO" KEYTYPE ="NOT A KEY" LENGTH ="11" LEVEL ="0" NAME ="SK_AE_HEADER_ID_INT" NULLABLE ="NOTNULL" OCCURS ="0" OFFSET ="22" PHYSICALLENGTH ="10" PHYSICALOFFSET ="20" PICTURETEXT ="" PRECISION ="10" SCALE ="0" USAGE_FLAGS =""/>
        <SOURCEFIELD BUSINESSNAME ="" DATATYPE ="integer" DESCRIPTION ="" FIELDNUMBER ="4" FIELDPROPERTY ="0" FIELDTYPE ="ELEMITEM" HIDDEN ="NO" KEYTYPE ="NOT A KEY" LENGTH ="11" LEVEL ="0" NAME ="SK_AE_LINE_NUM_INT" NULLABLE ="NOTNULL" OCCURS ="0" OFFSET ="33" PHYSICALLENGTH ="10" PHYSICALOFFSET ="30" PICTURETEXT ="" PRECISION ="10" SCALE ="0" USAGE_FLAGS =""/>
        <SOURCEFIELD BUSINESSNAME ="" DATATYPE ="integer" DESCRIPTION ="" FIELDNUMBER ="5" FIELDPROPERTY ="0" FIELDTYPE ="ELEMITEM" HIDDEN ="NO" KEYTYPE ="NOT A KEY" LENGTH ="11" LEVEL ="0" NAME ="SK_TRX_ID_INT" NULLABLE ="NOTNULL" OCCURS ="0" OFFSET ="44" PHYSICALLENGTH ="10" PHYSICALOFFSET ="40" PICTURETEXT ="" PRECISION ="10" SCALE ="0" USAGE_FLAGS =""/>
        <SOURCEFIELD BUSINESSNAME ="" DATATYPE ="integer" DESCRIPTION ="" FIELDNUMBER ="6" FIELDPROPERTY ="0" FIELDTYPE ="ELEMITEM" HIDDEN ="NO" KEYTYPE ="NOT A KEY" LENGTH ="11" LEVEL ="0" NAME ="AR_TRX_KEY" NULLABLE ="NOTNULL" OCCURS ="0" OFFSET ="55" PHYSICALLENGTH ="10" PHYSICALOFFSET ="50" PICTURETEXT ="" PRECISION ="10" SCALE ="0" USAGE_FLAGS =""/>
        <SOURCEFIELD BUSINESSNAME ="" DATATYPE ="integer" DESCRIPTION ="" FIELDNUMBER ="7" FIELDPROPERTY ="0" FIELDTYPE ="ELEMITEM" HIDDEN ="NO" KEYTYPE ="NOT A KEY" LENGTH ="11" LEVEL ="0" NAME ="AR_TRX_LINE_KEY" NULLABLE ="NOTNULL" OCCURS ="0" OFFSET ="66" PHYSICALLENGTH ="10" PHYSICALOFFSET ="60" PICTURETEXT ="" PRECISION ="10" SCALE ="0" USAGE_FLAGS =""/>
        <SOURCEFIELD BUSINESSNAME ="" DATATYPE ="integer" DESCRIPTION ="" FIELDNUMBER ="8" FIELDPROPERTY ="0" FIELDTYPE ="ELEMITEM" HIDDEN ="NO" KEYTYPE ="NOT A KEY" LENGTH ="11" LEVEL ="0" NAME ="BILL_TO_CUST_PRTY_KEY" NULLABLE ="NOTNULL" OCCURS ="0" OFFSET ="77" PHYSICALLENGTH ="10" PHYSICALOFFSET ="70" PICTURETEXT ="" PRECISION ="10" SCALE ="0" USAGE_FLAGS =""/>
        <SOURCEFIELD BUSINESSNAME ="" DATATYPE ="date" DESCRIPTION ="" FIELDNUMBER ="9" FIELDPROPERTY ="0" FIELDTYPE ="ELEMITEM" HIDDEN ="NO" KEYTYPE ="NOT A KEY" LENGTH ="19" LEVEL ="0" NAME ="GL_DT" NULLABLE ="NOTNULL" OCCURS ="0" OFFSET ="88" PHYSICALLENGTH ="10" PHYSICALOFFSET ="80" PICTURETEXT ="" PRECISION ="10" SCALE ="0" USAGE_FLAGS =""/>
        <SOURCEFIELD BUSINESSNAME ="" DATATYPE ="char" DESCRIPTION ="" FIELDNUMBER ="10" FIELDPROPERTY ="0" FIELDTYPE ="ELEMITEM" HIDDEN ="NO" KEYTYPE ="NOT A KEY" LENGTH ="0" LEVEL ="0" NAME ="BK_TRXL_ISO_CURR_CD" NULLABLE ="NOTNULL" OCCURS ="0" OFFSET ="107" PHYSICALLENGTH ="3" PHYSICALOFFSET ="90" PICTURETEXT ="" PRECISION ="3" SCALE ="0" USAGE_FLAGS =""/>
        <SOURCEFIELD BUSINESSNAME ="" DATATYPE ="char" DESCRIPTION ="" FIELDNUMBER ="11" FIELDPROPERTY ="0" FIELDTYPE ="ELEMITEM" HIDDEN ="NO" KEYTYPE ="NOT A KEY" LENGTH ="0" LEVEL ="0" NAME ="BK_FUNCTIONAL_ISO_CURR_CD" NULLABLE ="NOTNULL" OCCURS ="0" OFFSET ="107" PHYSICALLENGTH ="3" PHYSICALOFFSET ="93" PICTURETEXT ="" PRECISION ="3" SCALE ="0" USAGE_FLAGS =""/>
        <SOURCEFIELD BUSINESSNAME ="" DATATYPE ="varchar" DESCRIPTION ="" FIELDNUMBER ="12" FIELDPROPERTY ="0" FIELDTYPE ="ELEMITEM" HIDDEN ="NO" KEYTYPE ="NOT A KEY" LENGTH ="0" LEVEL ="0" NAME ="ACCT_CLASS_CD" NULLABLE ="NOTNULL" OCCURS ="0" OFFSET ="107" PHYSICALLENGTH ="30" PHYSICALOFFSET ="96" PICTURETEXT ="" PRECISION ="30" SCALE ="0" USAGE_FLAGS =""/>
        <SOURCEFIELD BUSINESSNAME ="" DATATYPE ="integer" DESCRIPTION ="" FIELDNUMBER ="13" FIELDPROPERTY ="0" FIELDTYPE ="ELEMITEM" HIDDEN ="NO" KEYTYPE ="NOT A KEY" LENGTH ="11" LEVEL ="0" NAME ="SALES_ORDER_KEY" NULLABLE ="NOTNULL" OCCURS ="0" OFFSET ="107" PHYSICALLENGTH ="10" PHYSICALOFFSET ="126" PICTURETEXT ="" PRECISION ="10" SCALE ="0" USAGE_FLAGS =""/>
        <SOURCEFIELD BUSINESSNAME ="" DATATYPE ="integer" DESCRIPTION ="" FIELDNUMBER ="14" FIELDPROPERTY ="0" FIELDTYPE ="ELEMITEM" HIDDEN ="NO" KEYTYPE ="NOT A KEY" LENGTH ="11" LEVEL ="0" NAME ="SALES_ORDER_LINE_KEY" NULLABLE ="NOTNULL" OCCURS ="0" OFFSET ="118" PHYSICALLENGTH ="10" PHYSICALOFFSET ="136" PICTURETEXT ="" PRECISION ="10" SCALE ="0" USAGE_FLAGS =""/>
        <SOURCEFIELD BUSINESSNAME ="" DATATYPE ="integer" DESCRIPTION ="" FIELDNUMBER ="15" FIELDPROPERTY ="0" FIELDTYPE ="ELEMITEM" HIDDEN ="NO" KEYTYPE ="NOT A KEY" LENGTH ="11" LEVEL ="0" NAME ="PRDT_INVOICED_QTY" NULLABLE ="NOTNULL" OCCURS ="0" OFFSET ="129" PHYSICALLENGTH ="10" PHYSICALOFFSET ="146" PICTURETEXT ="" PRECISION ="10" SCALE ="0" USAGE_FLAGS =""/>
        <SOURCEFIELD BUSINESSNAME ="" DATATYPE ="varchar" DESCRIPTION ="" FIELDNUMBER ="16" FIELDPROPERTY ="0" FIELDTYPE ="ELEMITEM" HIDDEN ="NO" KEYTYPE ="NOT A KEY" LENGTH ="0" LEVEL ="0" NAME ="REV_DISTRI_TYPE_CD" NULLABLE ="NOTNULL" OCCURS ="0" OFFSET ="140" PHYSICALLENGTH ="75" PHYSICALOFFSET ="156" PICTURETEXT ="" PRECISION ="75" SCALE ="0" USAGE_FLAGS =""/>
        <SOURCEFIELD BUSINESSNAME ="" DATATYPE ="integer" DESCRIPTION ="" FIELDNUMBER ="17" FIELDPROPERTY ="0" FIELDTYPE ="ELEMITEM" HIDDEN ="NO" KEYTYPE ="NOT A KEY" LENGTH ="11" LEVEL ="0" NAME ="GENERAL_LEDGER_ACCT_KEY" NULLABLE ="NOTNULL" OCCURS ="0" OFFSET ="140" PHYSICALLENGTH ="10" PHYSICALOFFSET ="231" PICTURETEXT ="" PRECISION ="10" SCALE ="0" USAGE_FLAGS =""/>
        <SOURCEFIELD BUSINESSNAME ="" DATATYPE ="char" DESCRIPTION ="" FIELDNUMBER ="18" FIELDPROPERTY ="0" FIELDTYPE ="ELEMITEM" HIDDEN ="NO" KEYTYPE ="NOT A KEY" LENGTH ="0" LEVEL ="0" NAME ="BK_COMPANY_CD" NULLABLE ="NOTNULL" OCCURS ="0" OFFSET ="151" PHYSICALLENGTH ="3" PHYSICALOFFSET ="241" PICTURETEXT ="" PRECISION ="3" SCALE ="0" USAGE_FLAGS =""/>
        <SOURCEFIELD BUSINESSNAME ="" DATATYPE ="integer" DESCRIPTION ="" FIELDNUMBER ="19" FIELDPROPERTY ="0" FIELDTYPE ="ELEMITEM" HIDDEN ="NO" KEYTYPE ="NOT A KEY" LENGTH ="11" LEVEL ="0" NAME ="SET_OF_BOOKS_KEY" NULLABLE ="NOTNULL" OCCURS ="0" OFFSET ="151" PHYSICALLENGTH ="10" PHYSICALOFFSET ="244" PICTURETEXT ="" PRECISION ="10" SCALE ="0" USAGE_FLAGS =""/>
        <SOURCEFIELD BUSINESSNAME ="" DATATYPE ="integer" DESCRIPTION ="" FIELDNUMBER ="20" FIELDPROPERTY ="0" FIELDTYPE ="ELEMITEM" HIDDEN ="NO" KEYTYPE ="NOT A KEY" LENGTH ="11" LEVEL ="0" NAME ="SK_PREVIOUS_TRX_ID_INT" NULLABLE ="NOTNULL" OCCURS ="0" OFFSET ="162" PHYSICALLENGTH ="10" PHYSICALOFFSET ="254" PICTURETEXT ="" PRECISION ="10" SCALE ="0" USAGE_FLAGS =""/>
        <SOURCEFIELD BUSINESSNAME ="" DATATYPE ="char" DESCRIPTION ="" FIELDNUMBER ="21" FIELDPROPERTY ="0" FIELDTYPE ="ELEMITEM" HIDDEN ="NO" KEYTYPE ="NOT A KEY" LENGTH ="0" LEVEL ="0" NAME ="CREDIT_DEBIT_TYPE" NULLABLE ="NOTNULL" OCCURS ="0" OFFSET ="173" PHYSICALLENGTH ="8" PHYSICALOFFSET ="264" PICTURETEXT ="" PRECISION ="8" SCALE ="0" USAGE_FLAGS =""/>
        <SOURCEFIELD BUSINESSNAME ="" DATATYPE ="date" DESCRIPTION ="" FIELDNUMBER ="22" FIELDPROPERTY ="0" FIELDTYPE ="ELEMITEM" HIDDEN ="NO" KEYTYPE ="NOT A KEY" LENGTH ="19" LEVEL ="0" NAME ="GL_POSTED_DT" NULLABLE ="NOTNULL" OCCURS ="0" OFFSET ="173" PHYSICALLENGTH ="10" PHYSICALOFFSET ="272" PICTURETEXT ="" PRECISION ="10" SCALE ="0" USAGE_FLAGS =""/>
        <SOURCEFIELD BUSINESSNAME ="" DATATYPE ="integer" DESCRIPTION ="" FIELDNUMBER ="23" FIELDPROPERTY ="0" FIELDTYPE ="ELEMITEM" HIDDEN ="NO" KEYTYPE ="NOT A KEY" LENGTH ="11" LEVEL ="0" NAME ="PRODUCT_KEY" NULLABLE ="NOTNULL" OCCURS ="0" OFFSET ="192" PHYSICALLENGTH ="10" PHYSICALOFFSET ="282" PICTURETEXT ="" PRECISION ="10" SCALE ="0" USAGE_FLAGS =""/>
        <SOURCEFIELD BUSINESSNAME ="" DATATYPE ="varchar" DESCRIPTION ="" FIELDNUMBER ="24" FIELDPROPERTY ="0" FIELDTYPE ="ELEMITEM" HIDDEN ="NO" KEYTYPE ="NOT A KEY" LENGTH ="0" LEVEL ="0" NAME ="BK_DEAL_ID" NULLABLE ="NOTNULL" OCCURS ="0" OFFSET ="203" PHYSICALLENGTH ="50" PHYSICALOFFSET ="292" PICTURETEXT ="" PRECISION ="50" SCALE ="0" USAGE_FLAGS =""/>
        <SOURCEFIELD BUSINESSNAME ="" DATATYPE ="varchar" DESCRIPTION ="" FIELDNUMBER ="25" FIELDPROPERTY ="0" FIELDTYPE ="ELEMITEM" HIDDEN ="NO" KEYTYPE ="NOT A KEY" LENGTH ="0" LEVEL ="0" NAME ="MANUAL_REV_TRANSFER_TYPE_CD" NULLABLE ="NOTNULL" OCCURS ="0" OFFSET ="203" PHYSICALLENGTH ="8" PHYSICALOFFSET ="342" PICTURETEXT ="" PRECISION ="8" SCALE ="0" USAGE_FLAGS =""/>
        <SOURCEFIELD BUSINESSNAME ="" DATATYPE ="varchar" DESCRIPTION ="" FIELDNUMBER ="26" FIELDPROPERTY ="0" FIELDTYPE ="ELEMITEM" HIDDEN ="NO" KEYTYPE ="NOT A KEY" LENGTH ="0" LEVEL ="0" NAME ="TRANSFER_GROUP_TYPE_CD" NULLABLE ="NOTNULL" OCCURS ="0" OFFSET ="203" PHYSICALLENGTH ="8" PHYSICALOFFSET ="350" PICTURETEXT ="" PRECISION ="8" SCALE ="0" USAGE_FLAGS =""/>
        <SOURCEFIELD BUSINESSNAME ="" DATATYPE ="integer" DESCRIPTION ="" FIELDNUMBER ="27" FIELDPROPERTY ="0" FIELDTYPE ="ELEMITEM" HIDDEN ="NO" KEYTYPE ="NOT A KEY" LENGTH ="11" LEVEL ="0" NAME ="SBSCRPTN_ITEM_CHANGE_ID_INT" NULLABLE ="NOTNULL" OCCURS ="0" OFFSET ="203" PHYSICALLENGTH ="10" PHYSICALOFFSET ="358" PICTURETEXT ="" PRECISION ="10" SCALE ="0" USAGE_FLAGS =""/>
        <SOURCEFIELD BUSINESSNAME ="" DATATYPE ="varchar" DESCRIPTION ="" FIELDNUMBER ="28" FIELDPROPERTY ="0" FIELDTYPE ="ELEMITEM" HIDDEN ="NO" KEYTYPE ="NOT A KEY" LENGTH ="0" LEVEL ="0" NAME ="ELEMENT_TYPE_CD" NULLABLE ="NOTNULL" OCCURS ="0" OFFSET ="214" PHYSICALLENGTH ="30" PHYSICALOFFSET ="368" PICTURETEXT ="" PRECISION ="30" SCALE ="0" USAGE_FLAGS =""/>
        <SOURCEFIELD BUSINESSNAME ="" DATATYPE ="integer" DESCRIPTION ="" FIELDNUMBER ="29" FIELDPROPERTY ="0" FIELDTYPE ="ELEMITEM" HIDDEN ="NO" KEYTYPE ="NOT A KEY" LENGTH ="11" LEVEL ="0" NAME ="BK_APPLICATION_ID_INT" NULLABLE ="NOTNULL" OCCURS ="0" OFFSET ="214" PHYSICALLENGTH ="10" PHYSICALOFFSET ="398" PICTURETEXT ="" PRECISION ="10" SCALE ="0" USAGE_FLAGS =""/>
        <SOURCEFIELD BUSINESSNAME ="" DATATYPE ="integer" DESCRIPTION ="" FIELDNUMBER ="30" FIELDPROPERTY ="0" FIELDTYPE ="ELEMITEM" HIDDEN ="NO" KEYTYPE ="NOT A KEY" LENGTH ="11" LEVEL ="0" NAME ="BILL_TO_ERP_CA_LOC_USE_KEY" NULLABLE ="NOTNULL" OCCURS ="0" OFFSET ="225" PHYSICALLENGTH ="10" PHYSICALOFFSET ="408" PICTURETEXT ="" PRECISION ="10" SCALE ="0" USAGE_FLAGS =""/>
        <SOURCEFIELD BUSINESSNAME ="" DATATYPE ="varchar" DESCRIPTION ="" FIELDNUMBER ="31" FIELDPROPERTY ="0" FIELDTYPE ="ELEMITEM" HIDDEN ="NO" KEYTYPE ="NOT A KEY" LENGTH ="0" LEVEL ="0" NAME ="TRX_SRC_CD" NULLABLE ="NOTNULL" OCCURS ="0" OFFSET ="236" PHYSICALLENGTH ="50" PHYSICALOFFSET ="418" PICTURETEXT ="" PRECISION ="50" SCALE ="0" USAGE_FLAGS =""/>
        <SOURCEFIELD BUSINESSNAME ="" DATATYPE ="integer" DESCRIPTION ="" FIELDNUMBER ="32" FIELDPROPERTY ="0" FIELDTYPE ="ELEMITEM" HIDDEN ="NO" KEYTYPE ="NOT A KEY" LENGTH ="11" LEVEL ="0" NAME ="OFFER_ATTRIBUTION_ID_INT" NULLABLE ="NOTNULL" OCCURS ="0" OFFSET ="236" PHYSICALLENGTH ="10" PHYSICALOFFSET ="468" PICTURETEXT ="" PRECISION ="10" SCALE ="0" USAGE_FLAGS =""/>
        <SOURCEFIELD BUSINESSNAME ="" DATATYPE ="varchar" DESCRIPTION ="" FIELDNUMBER ="33" FIELDPROPERTY ="0" FIELDTYPE ="ELEMITEM" HIDDEN ="NO" KEYTYPE ="NOT A KEY" LENGTH ="0" LEVEL ="0" NAME ="ATTRIBUTION_CD" NULLABLE ="NOTNULL" OCCURS ="0" OFFSET ="247" PHYSICALLENGTH ="10" PHYSICALOFFSET ="478" PICTURETEXT ="" PRECISION ="10" SCALE ="0" USAGE_FLAGS =""/>
        <SOURCEFIELD BUSINESSNAME ="" DATATYPE ="varchar" DESCRIPTION ="" FIELDNUMBER ="34" FIELDPROPERTY ="0" FIELDTYPE ="ELEMITEM" HIDDEN ="NO" KEYTYPE ="NOT A KEY" LENGTH ="0" LEVEL ="0" NAME ="BK_WEB_ORDER_ID" NULLABLE ="NOTNULL" OCCURS ="0" OFFSET ="247" PHYSICALLENGTH ="30" PHYSICALOFFSET ="488" PICTURETEXT ="" PRECISION ="30" SCALE ="0" USAGE_FLAGS =""/>
        <SOURCEFIELD BUSINESSNAME ="" DATATYPE ="varchar" DESCRIPTION ="" FIELDNUMBER ="35" FIELDPROPERTY ="0" FIELDTYPE ="ELEMITEM" HIDDEN ="NO" KEYTYPE ="NOT A KEY" LENGTH ="0" LEVEL ="0" NAME ="SS_CD" NULLABLE ="NOTNULL" OCCURS ="0" OFFSET ="247" PHYSICALLENGTH ="8" PHYSICALOFFSET ="518" PICTURETEXT ="" PRECISION ="8" SCALE ="0" USAGE_FLAGS =""/>
        <SOURCEFIELD BUSINESSNAME ="" DATATYPE ="varchar" DESCRIPTION ="" FIELDNUMBER ="36" FIELDPROPERTY ="0" FIELDTYPE ="ELEMITEM" HIDDEN ="NO" KEYTYPE ="NOT A KEY" LENGTH ="0" LEVEL ="0" NAME ="ADJUSTMENT_TYPE_CD" NULLABLE ="NOTNULL" OCCURS ="0" OFFSET ="247" PHYSICALLENGTH ="50" PHYSICALOFFSET ="526" PICTURETEXT ="" PRECISION ="50" SCALE ="0" USAGE_FLAGS =""/>
        <SOURCEFIELD BUSINESSNAME ="" DATATYPE ="decimal" DESCRIPTION ="" FIELDNUMBER ="37" FIELDPROPERTY ="0" FIELDTYPE ="ELEMITEM" HIDDEN ="NO" KEYTYPE ="NOT A KEY" LENGTH ="28" LEVEL ="0" NAME ="RU_TRXL_CREDIT_AMT" NULLABLE ="NULL" OCCURS ="0" OFFSET ="247" PHYSICALLENGTH ="26" PHYSICALOFFSET ="576" PICTURETEXT ="" PRECISION ="26" SCALE ="7" USAGE_FLAGS =""/>
        <SOURCEFIELD BUSINESSNAME ="" DATATYPE ="decimal" DESCRIPTION ="" FIELDNUMBER ="38" FIELDPROPERTY ="0" FIELDTYPE ="ELEMITEM" HIDDEN ="NO" KEYTYPE ="NOT A KEY" LENGTH ="28" LEVEL ="0" NAME ="RU_FUNCTIONAL_CREDIT_AMT" NULLABLE ="NULL" OCCURS ="0" OFFSET ="275" PHYSICALLENGTH ="26" PHYSICALOFFSET ="602" PICTURETEXT ="" PRECISION ="26" SCALE ="7" USAGE_FLAGS =""/>
        <SOURCEFIELD BUSINESSNAME ="" DATATYPE ="decimal" DESCRIPTION ="" FIELDNUMBER ="39" FIELDPROPERTY ="0" FIELDTYPE ="ELEMITEM" HIDDEN ="NO" KEYTYPE ="NOT A KEY" LENGTH ="28" LEVEL ="0" NAME ="RU_TRXL_DEBIT_AMT" NULLABLE ="NULL" OCCURS ="0" OFFSET ="303" PHYSICALLENGTH ="26" PHYSICALOFFSET ="628" PICTURETEXT ="" PRECISION ="26" SCALE ="7" USAGE_FLAGS =""/>
        <SOURCEFIELD BUSINESSNAME ="" DATATYPE ="decimal" DESCRIPTION ="" FIELDNUMBER ="40" FIELDPROPERTY ="0" FIELDTYPE ="ELEMITEM" HIDDEN ="NO" KEYTYPE ="NOT A KEY" LENGTH ="28" LEVEL ="0" NAME ="RU_FUNCTIONAL_DEBIT_AMT" NULLABLE ="NULL" OCCURS ="0" OFFSET ="331" PHYSICALLENGTH ="26" PHYSICALOFFSET ="654" PICTURETEXT ="" PRECISION ="26" SCALE ="7" USAGE_FLAGS =""/>
        <SOURCEFIELD BUSINESSNAME ="" DATATYPE ="integer" DESCRIPTION ="" FIELDNUMBER ="41" FIELDPROPERTY ="0" FIELDTYPE ="ELEMITEM" HIDDEN ="NO" KEYTYPE ="NOT A KEY" LENGTH ="11" LEVEL ="0" NAME ="BK_POS_TRX_ID_INT" NULLABLE ="NOTNULL" OCCURS ="0" OFFSET ="359" PHYSICALLENGTH ="10" PHYSICALOFFSET ="680" PICTURETEXT ="" PRECISION ="10" SCALE ="0" USAGE_FLAGS =""/>
        <SOURCEFIELD BUSINESSNAME ="" DATATYPE ="varchar" DESCRIPTION ="" FIELDNUMBER ="42" FIELDPROPERTY ="0" FIELDTYPE ="ELEMITEM" HIDDEN ="NO" KEYTYPE ="NOT A KEY" LENGTH ="0" LEVEL ="0" NAME ="BK_FISCAL_CAL_CD" NULLABLE ="NOTNULL" OCCURS ="0" OFFSET ="370" PHYSICALLENGTH ="50" PHYSICALOFFSET ="690" PICTURETEXT ="" PRECISION ="50" SCALE ="0" USAGE_FLAGS =""/>
        <SOURCEFIELD BUSINESSNAME ="" DATATYPE ="integer" DESCRIPTION ="" FIELDNUMBER ="43" FIELDPROPERTY ="0" FIELDTYPE ="ELEMITEM" HIDDEN ="NO" KEYTYPE ="NOT A KEY" LENGTH ="11" LEVEL ="0" NAME ="BK_FISCAL_YEAR_NUM_INT" NULLABLE ="NOTNULL" OCCURS ="0" OFFSET ="370" PHYSICALLENGTH ="10" PHYSICALOFFSET ="740" PICTURETEXT ="" PRECISION ="10" SCALE ="0" USAGE_FLAGS =""/>
        <SOURCEFIELD BUSINESSNAME ="" DATATYPE ="integer" DESCRIPTION ="" FIELDNUMBER ="44" FIELDPROPERTY ="0" FIELDTYPE ="ELEMITEM" HIDDEN ="NO" KEYTYPE ="NOT A KEY" LENGTH ="11" LEVEL ="0" NAME ="BK_FISCAL_MTH_NUM_INT" NULLABLE ="NOTNULL" OCCURS ="0" OFFSET ="381" PHYSICALLENGTH ="10" PHYSICALOFFSET ="750" PICTURETEXT ="" PRECISION ="10" SCALE ="0" USAGE_FLAGS =""/>
        <SOURCEFIELD BUSINESSNAME ="" DATATYPE ="timestamp" DESCRIPTION ="" FIELDNUMBER ="45" FIELDPROPERTY ="0" FIELDTYPE ="ELEMITEM" HIDDEN ="NO" KEYTYPE ="NOT A KEY" LENGTH ="19" LEVEL ="0" NAME ="EDW_CREATE_DTM" NULLABLE ="NOTNULL" OCCURS ="0" OFFSET ="392" PHYSICALLENGTH ="19" PHYSICALOFFSET ="760" PICTURETEXT ="" PRECISION ="19" SCALE ="0" USAGE_FLAGS =""/>
        <SOURCEFIELD BUSINESSNAME ="" DATATYPE ="char" DESCRIPTION ="" FIELDNUMBER ="46" FIELDPROPERTY ="0" FIELDTYPE ="ELEMITEM" HIDDEN ="NO" KEYTYPE ="NOT A KEY" LENGTH ="0" LEVEL ="0" NAME ="EDW_CREATE_USER" NULLABLE ="NOTNULL" OCCURS ="0" OFFSET ="411" PHYSICALLENGTH ="30" PHYSICALOFFSET ="779" PICTURETEXT ="" PRECISION ="30" SCALE ="0" USAGE_FLAGS =""/>
        <SOURCEFIELD BUSINESSNAME ="" DATATYPE ="timestamp" DESCRIPTION ="" FIELDNUMBER ="47" FIELDPROPERTY ="0" FIELDTYPE ="ELEMITEM" HIDDEN ="NO" KEYTYPE ="NOT A KEY" LENGTH ="19" LEVEL ="0" NAME ="EDW_UPDATE_DTM" NULLABLE ="NOTNULL" OCCURS ="0" OFFSET ="411" PHYSICALLENGTH ="19" PHYSICALOFFSET ="809" PICTURETEXT ="" PRECISION ="19" SCALE ="0" USAGE_FLAGS =""/>
        <SOURCEFIELD BUSINESSNAME ="" DATATYPE ="char" DESCRIPTION ="" FIELDNUMBER ="48" FIELDPROPERTY ="0" FIELDTYPE ="ELEMITEM" HIDDEN ="NO" KEYTYPE ="NOT A KEY" LENGTH ="0" LEVEL ="0" NAME ="EDW_UPDATE_USER" NULLABLE ="NOTNULL" OCCURS ="0" OFFSET ="430" PHYSICALLENGTH ="30" PHYSICALOFFSET ="828" PICTURETEXT ="" PRECISION ="30" SCALE ="0" USAGE_FLAGS =""/>
        <SOURCEFIELD BUSINESSNAME ="" DATATYPE ="varchar" DESCRIPTION ="" FIELDNUMBER ="49" FIELDPROPERTY ="0" FIELDTYPE ="ELEMITEM" HIDDEN ="NO" KEYTYPE ="NOT A KEY" LENGTH ="0" LEVEL ="0" NAME ="REBATE_PROGRAM_NAME" NULLABLE ="NOTNULL" OCCURS ="0" OFFSET ="430" PHYSICALLENGTH ="50" PHYSICALOFFSET ="858" PICTURETEXT ="" PRECISION ="50" SCALE ="0" USAGE_FLAGS =""/>
        <SOURCEFIELD BUSINESSNAME ="" DATATYPE ="char" DESCRIPTION ="" FIELDNUMBER ="50" FIELDPROPERTY ="0" FIELDTYPE ="ELEMITEM" HIDDEN ="NO" KEYTYPE ="NOT A KEY" LENGTH ="0" LEVEL ="0" NAME ="ACTION_CODE" NULLABLE ="NULL" OCCURS ="0" OFFSET ="430" PHYSICALLENGTH ="1" PHYSICALOFFSET ="908" PICTURETEXT ="" PRECISION ="1" SCALE ="0" USAGE_FLAGS =""/>
        <SOURCEFIELD BUSINESSNAME ="" DATATYPE ="char" DESCRIPTION ="" FIELDNUMBER ="51" FIELDPROPERTY ="0" FIELDTYPE ="ELEMITEM" HIDDEN ="NO" KEYTYPE ="NOT A KEY" LENGTH ="0" LEVEL ="0" NAME ="DML_TYPE" NULLABLE ="NOTNULL" OCCURS ="0" OFFSET ="430" PHYSICALLENGTH ="1" PHYSICALOFFSET ="909" PICTURETEXT ="" PRECISION ="1" SCALE ="0" USAGE_FLAGS =""/>
    </SOURCE>
    <TARGET BUSINESSNAME ="" CONSTRAINT ="" DATABASETYPE ="Teradata" DESCRIPTION ="" NAME ="N_ROL_TRX_LINE_GL_DISTRI" OBJECTVERSION ="1" TABLEOPTIONS ="" VERSIONNUMBER ="2">
        <TARGETFIELD BUSINESSNAME ="" DATATYPE ="integer" DESCRIPTION ="" FIELDNUMBER ="1" KEYTYPE ="PRIMARY KEY" NAME ="ROL_TRX_LINE_GL_DISTRI_KEY" NULLABLE ="NOTNULL" PICTURETEXT ="" PRECISION ="10" SCALE ="0"/>
        <TARGETFIELD BUSINESSNAME ="" DATATYPE ="integer" DESCRIPTION ="" FIELDNUMBER ="2" KEYTYPE ="NOT A KEY" NAME ="SK_TRX_DISTRI_ID_INT" NULLABLE ="NOTNULL" PICTURETEXT ="" PRECISION ="10" SCALE ="0"/>
        <TARGETFIELD BUSINESSNAME ="" DATATYPE ="integer" DESCRIPTION ="" FIELDNUMBER ="3" KEYTYPE ="NOT A KEY" NAME ="SK_AE_HEADER_ID_INT" NULLABLE ="NOTNULL" PICTURETEXT ="" PRECISION ="10" SCALE ="0"/>
        <TARGETFIELD BUSINESSNAME ="" DATATYPE ="integer" DESCRIPTION ="" FIELDNUMBER ="4" KEYTYPE ="NOT A KEY" NAME ="SK_AE_LINE_NUM_INT" NULLABLE ="NOTNULL" PICTURETEXT ="" PRECISION ="10" SCALE ="0"/>
        <TARGETFIELD BUSINESSNAME ="" DATATYPE ="integer" DESCRIPTION ="" FIELDNUMBER ="5" KEYTYPE ="NOT A KEY" NAME ="SK_TRX_ID_INT" NULLABLE ="NOTNULL" PICTURETEXT ="" PRECISION ="10" SCALE ="0"/>
        <TARGETFIELD BUSINESSNAME ="" DATATYPE ="integer" DESCRIPTION ="" FIELDNUMBER ="6" KEYTYPE ="NOT A KEY" NAME ="AR_TRX_KEY" NULLABLE ="NOTNULL" PICTURETEXT ="" PRECISION ="10" SCALE ="0"/>
        <TARGETFIELD BUSINESSNAME ="" DATATYPE ="integer" DESCRIPTION ="" FIELDNUMBER ="7" KEYTYPE ="NOT A KEY" NAME ="AR_TRX_LINE_KEY" NULLABLE ="NOTNULL" PICTURETEXT ="" PRECISION ="10" SCALE ="0"/>
        <TARGETFIELD BUSINESSNAME ="" DATATYPE ="integer" DESCRIPTION ="" FIELDNUMBER ="8" KEYTYPE ="NOT A KEY" NAME ="BILL_TO_CUST_PRTY_KEY" NULLABLE ="NOTNULL" PICTURETEXT ="" PRECISION ="10" SCALE ="0"/>
        <TARGETFIELD BUSINESSNAME ="" DATATYPE ="date" DESCRIPTION ="" FIELDNUMBER ="9" KEYTYPE ="NOT A KEY" NAME ="GL_DT" NULLABLE ="NOTNULL" PICTURETEXT ="" PRECISION ="10" SCALE ="0"/>
        <TARGETFIELD BUSINESSNAME ="" DATATYPE ="char" DESCRIPTION ="" FIELDNUMBER ="10" KEYTYPE ="NOT A KEY" NAME ="BK_TRXL_ISO_CURR_CD" NULLABLE ="NOTNULL" PICTURETEXT ="" PRECISION ="3" SCALE ="0"/>
        <TARGETFIELD BUSINESSNAME ="" DATATYPE ="char" DESCRIPTION ="" FIELDNUMBER ="11" KEYTYPE ="NOT A KEY" NAME ="BK_FUNCTIONAL_ISO_CURR_CD" NULLABLE ="NOTNULL" PICTURETEXT ="" PRECISION ="3" SCALE ="0"/>
        <TARGETFIELD BUSINESSNAME ="" DATATYPE ="varchar" DESCRIPTION ="" FIELDNUMBER ="12" KEYTYPE ="NOT A KEY" NAME ="ACCT_CLASS_CD" NULLABLE ="NOTNULL" PICTURETEXT ="" PRECISION ="30" SCALE ="0"/>
        <TARGETFIELD BUSINESSNAME ="" DATATYPE ="integer" DESCRIPTION ="" FIELDNUMBER ="13" KEYTYPE ="NOT A KEY" NAME ="SALES_ORDER_KEY" NULLABLE ="NOTNULL" PICTURETEXT ="" PRECISION ="10" SCALE ="0"/>
        <TARGETFIELD BUSINESSNAME ="" DATATYPE ="integer" DESCRIPTION ="" FIELDNUMBER ="14" KEYTYPE ="NOT A KEY" NAME ="SALES_ORDER_LINE_KEY" NULLABLE ="NOTNULL" PICTURETEXT ="" PRECISION ="10" SCALE ="0"/>
        <TARGETFIELD BUSINESSNAME ="" DATATYPE ="integer" DESCRIPTION ="" FIELDNUMBER ="15" KEYTYPE ="NOT A KEY" NAME ="PRDT_INVOICED_QTY" NULLABLE ="NOTNULL" PICTURETEXT ="" PRECISION ="10" SCALE ="0"/>
        <TARGETFIELD BUSINESSNAME ="" DATATYPE ="varchar" DESCRIPTION ="" FIELDNUMBER ="16" KEYTYPE ="NOT A KEY" NAME ="REV_DISTRI_TYPE_CD" NULLABLE ="NOTNULL" PICTURETEXT ="" PRECISION ="75" SCALE ="0"/>
        <TARGETFIELD BUSINESSNAME ="" DATATYPE ="integer" DESCRIPTION ="" FIELDNUMBER ="17" KEYTYPE ="NOT A KEY" NAME ="GENERAL_LEDGER_ACCT_KEY" NULLABLE ="NOTNULL" PICTURETEXT ="" PRECISION ="10" SCALE ="0"/>
        <TARGETFIELD BUSINESSNAME ="" DATATYPE ="char" DESCRIPTION ="" FIELDNUMBER ="18" KEYTYPE ="NOT A KEY" NAME ="BK_COMPANY_CD" NULLABLE ="NOTNULL" PICTURETEXT ="" PRECISION ="3" SCALE ="0"/>
        <TARGETFIELD BUSINESSNAME ="" DATATYPE ="integer" DESCRIPTION ="" FIELDNUMBER ="19" KEYTYPE ="NOT A KEY" NAME ="SET_OF_BOOKS_KEY" NULLABLE ="NOTNULL" PICTURETEXT ="" PRECISION ="10" SCALE ="0"/>
        <TARGETFIELD BUSINESSNAME ="" DATATYPE ="integer" DESCRIPTION ="" FIELDNUMBER ="20" KEYTYPE ="NOT A KEY" NAME ="SK_PREVIOUS_TRX_ID_INT" NULLABLE ="NOTNULL" PICTURETEXT ="" PRECISION ="10" SCALE ="0"/>
        <TARGETFIELD BUSINESSNAME ="" DATATYPE ="char" DESCRIPTION ="" FIELDNUMBER ="21" KEYTYPE ="NOT A KEY" NAME ="CREDIT_DEBIT_TYPE" NULLABLE ="NOTNULL" PICTURETEXT ="" PRECISION ="8" SCALE ="0"/>
        <TARGETFIELD BUSINESSNAME ="" DATATYPE ="date" DESCRIPTION ="" FIELDNUMBER ="22" KEYTYPE ="NOT A KEY" NAME ="GL_POSTED_DT" NULLABLE ="NOTNULL" PICTURETEXT ="" PRECISION ="10" SCALE ="0"/>
        <TARGETFIELD BUSINESSNAME ="" DATATYPE ="integer" DESCRIPTION ="" FIELDNUMBER ="23" KEYTYPE ="NOT A KEY" NAME ="PRODUCT_KEY" NULLABLE ="NOTNULL" PICTURETEXT ="" PRECISION ="10" SCALE ="0"/>
        <TARGETFIELD BUSINESSNAME ="" DATATYPE ="varchar" DESCRIPTION ="" FIELDNUMBER ="24" KEYTYPE ="NOT A KEY" NAME ="BK_DEAL_ID" NULLABLE ="NOTNULL" PICTURETEXT ="" PRECISION ="50" SCALE ="0"/>
        <TARGETFIELD BUSINESSNAME ="" DATATYPE ="varchar" DESCRIPTION ="" FIELDNUMBER ="25" KEYTYPE ="NOT A KEY" NAME ="MANUAL_REV_TRANSFER_TYPE_CD" NULLABLE ="NOTNULL" PICTURETEXT ="" PRECISION ="8" SCALE ="0"/>
        <TARGETFIELD BUSINESSNAME ="" DATATYPE ="varchar" DESCRIPTION ="" FIELDNUMBER ="26" KEYTYPE ="NOT A KEY" NAME ="TRANSFER_GROUP_TYPE_CD" NULLABLE ="NOTNULL" PICTURETEXT ="" PRECISION ="8" SCALE ="0"/>
        <TARGETFIELD BUSINESSNAME ="" DATATYPE ="integer" DESCRIPTION ="" FIELDNUMBER ="27" KEYTYPE ="NOT A KEY" NAME ="SBSCRPTN_ITEM_CHANGE_ID_INT" NULLABLE ="NOTNULL" PICTURETEXT ="" PRECISION ="10" SCALE ="0"/>
        <TARGETFIELD BUSINESSNAME ="" DATATYPE ="varchar" DESCRIPTION ="" FIELDNUMBER ="28" KEYTYPE ="NOT A KEY" NAME ="ELEMENT_TYPE_CD" NULLABLE ="NOTNULL" PICTURETEXT ="" PRECISION ="30" SCALE ="0"/>
        <TARGETFIELD BUSINESSNAME ="" DATATYPE ="integer" DESCRIPTION ="" FIELDNUMBER ="29" KEYTYPE ="NOT A KEY" NAME ="BK_APPLICATION_ID_INT" NULLABLE ="NOTNULL" PICTURETEXT ="" PRECISION ="10" SCALE ="0"/>
        <TARGETFIELD BUSINESSNAME ="" DATATYPE ="integer" DESCRIPTION ="" FIELDNUMBER ="30" KEYTYPE ="NOT A KEY" NAME ="BILL_TO_ERP_CA_LOC_USE_KEY" NULLABLE ="NOTNULL" PICTURETEXT ="" PRECISION ="10" SCALE ="0"/>
        <TARGETFIELD BUSINESSNAME ="" DATATYPE ="varchar" DESCRIPTION ="" FIELDNUMBER ="31" KEYTYPE ="NOT A KEY" NAME ="TRX_SRC_CD" NULLABLE ="NOTNULL" PICTURETEXT ="" PRECISION ="50" SCALE ="0"/>
        <TARGETFIELD BUSINESSNAME ="" DATATYPE ="integer" DESCRIPTION ="" FIELDNUMBER ="32" KEYTYPE ="NOT A KEY" NAME ="OFFER_ATTRIBUTION_ID_INT" NULLABLE ="NOTNULL" PICTURETEXT ="" PRECISION ="10" SCALE ="0"/>
        <TARGETFIELD BUSINESSNAME ="" DATATYPE ="varchar" DESCRIPTION ="" FIELDNUMBER ="33" KEYTYPE ="NOT A KEY" NAME ="ATTRIBUTION_CD" NULLABLE ="NOTNULL" PICTURETEXT ="" PRECISION ="10" SCALE ="0"/>
        <TARGETFIELD BUSINESSNAME ="" DATATYPE ="varchar" DESCRIPTION ="" FIELDNUMBER ="34" KEYTYPE ="NOT A KEY" NAME ="BK_WEB_ORDER_ID" NULLABLE ="NOTNULL" PICTURETEXT ="" PRECISION ="30" SCALE ="0"/>
        <TARGETFIELD BUSINESSNAME ="" DATATYPE ="varchar" DESCRIPTION ="" FIELDNUMBER ="35" KEYTYPE ="NOT A KEY" NAME ="SS_CD" NULLABLE ="NOTNULL" PICTURETEXT ="" PRECISION ="8" SCALE ="0"/>
        <TARGETFIELD BUSINESSNAME ="" DATATYPE ="varchar" DESCRIPTION ="" FIELDNUMBER ="36" KEYTYPE ="NOT A KEY" NAME ="ADJUSTMENT_TYPE_CD" NULLABLE ="NOTNULL" PICTURETEXT ="" PRECISION ="50" SCALE ="0"/>
        <TARGETFIELD BUSINESSNAME ="" DATATYPE ="decimal" DESCRIPTION ="" FIELDNUMBER ="37" KEYTYPE ="NOT A KEY" NAME ="RU_TRXL_CREDIT_AMT" NULLABLE ="NULL" PICTURETEXT ="" PRECISION ="26" SCALE ="7"/>
        <TARGETFIELD BUSINESSNAME ="" DATATYPE ="decimal" DESCRIPTION ="" FIELDNUMBER ="38" KEYTYPE ="NOT A KEY" NAME ="RU_FUNCTIONAL_CREDIT_AMT" NULLABLE ="NULL" PICTURETEXT ="" PRECISION ="26" SCALE ="7"/>
        <TARGETFIELD BUSINESSNAME ="" DATATYPE ="decimal" DESCRIPTION ="" FIELDNUMBER ="39" KEYTYPE ="NOT A KEY" NAME ="RU_TRXL_DEBIT_AMT" NULLABLE ="NULL" PICTURETEXT ="" PRECISION ="26" SCALE ="7"/>
        <TARGETFIELD BUSINESSNAME ="" DATATYPE ="decimal" DESCRIPTION ="" FIELDNUMBER ="40" KEYTYPE ="NOT A KEY" NAME ="RU_FUNCTIONAL_DEBIT_AMT" NULLABLE ="NULL" PICTURETEXT ="" PRECISION ="26" SCALE ="7"/>
        <TARGETFIELD BUSINESSNAME ="" DATATYPE ="integer" DESCRIPTION ="" FIELDNUMBER ="41" KEYTYPE ="NOT A KEY" NAME ="BK_POS_TRX_ID_INT" NULLABLE ="NOTNULL" PICTURETEXT ="" PRECISION ="10" SCALE ="0"/>
        <TARGETFIELD BUSINESSNAME ="" DATATYPE ="varchar" DESCRIPTION ="" FIELDNUMBER ="42" KEYTYPE ="NOT A KEY" NAME ="BK_FISCAL_CAL_CD" NULLABLE ="NOTNULL" PICTURETEXT ="" PRECISION ="50" SCALE ="0"/>
        <TARGETFIELD BUSINESSNAME ="" DATATYPE ="integer" DESCRIPTION ="" FIELDNUMBER ="43" KEYTYPE ="NOT A KEY" NAME ="BK_FISCAL_YEAR_NUM_INT" NULLABLE ="NOTNULL" PICTURETEXT ="" PRECISION ="10" SCALE ="0"/>
        <TARGETFIELD BUSINESSNAME ="" DATATYPE ="integer" DESCRIPTION ="" FIELDNUMBER ="44" KEYTYPE ="NOT A KEY" NAME ="BK_FISCAL_MTH_NUM_INT" NULLABLE ="NOTNULL" PICTURETEXT ="" PRECISION ="10" SCALE ="0"/>
        <TARGETFIELD BUSINESSNAME ="" DATATYPE ="timestamp" DESCRIPTION ="" FIELDNUMBER ="45" KEYTYPE ="NOT A KEY" NAME ="EDW_CREATE_DTM" NULLABLE ="NOTNULL" PICTURETEXT ="" PRECISION ="19" SCALE ="0"/>
        <TARGETFIELD BUSINESSNAME ="" DATATYPE ="char" DESCRIPTION ="" FIELDNUMBER ="46" KEYTYPE ="NOT A KEY" NAME ="EDW_CREATE_USER" NULLABLE ="NOTNULL" PICTURETEXT ="" PRECISION ="30" SCALE ="0"/>
        <TARGETFIELD BUSINESSNAME ="" DATATYPE ="timestamp" DESCRIPTION ="" FIELDNUMBER ="47" KEYTYPE ="NOT A KEY" NAME ="EDW_UPDATE_DTM" NULLABLE ="NOTNULL" PICTURETEXT ="" PRECISION ="19" SCALE ="0"/>
        <TARGETFIELD BUSINESSNAME ="" DATATYPE ="char" DESCRIPTION ="" FIELDNUMBER ="48" KEYTYPE ="NOT A KEY" NAME ="EDW_UPDATE_USER" NULLABLE ="NOTNULL" PICTURETEXT ="" PRECISION ="30" SCALE ="0"/>
        <TARGETFIELD BUSINESSNAME ="" DATATYPE ="varchar" DESCRIPTION ="" FIELDNUMBER ="49" KEYTYPE ="NOT A KEY" NAME ="REBATE_PROGRAM_NAME" NULLABLE ="NOTNULL" PICTURETEXT ="" PRECISION ="50" SCALE ="0"/>
    </TARGET>
    <MAPPING DESCRIPTION ="" ISVALID ="YES" NAME ="m_N_ROL_TRX_LINE_GL_DISTRI" OBJECTVERSION ="1" VERSIONNUMBER ="2">
        <TRANSFORMATION DESCRIPTION ="" NAME ="SQ_W_ROL_TRX_LINE_GL_DISTRI" OBJECTVERSION ="1" REUSABLE ="NO" TYPE ="Source Qualifier" VERSIONNUMBER ="2">
            <TRANSFORMFIELD DATATYPE ="integer" DEFAULTVALUE ="" DESCRIPTION ="" NAME ="ROL_TRX_LINE_GL_DISTRI_KEY" PICTURETEXT ="" PORTTYPE ="INPUT/OUTPUT" PRECISION ="10" SCALE ="0"/>
            <TRANSFORMFIELD DATATYPE ="integer" DEFAULTVALUE ="" DESCRIPTION ="" NAME ="SK_TRX_DISTRI_ID_INT" PICTURETEXT ="" PORTTYPE ="INPUT/OUTPUT" PRECISION ="10" SCALE ="0"/>
            <TRANSFORMFIELD DATATYPE ="integer" DEFAULTVALUE ="" DESCRIPTION ="" NAME ="SK_AE_HEADER_ID_INT" PICTURETEXT ="" PORTTYPE ="INPUT/OUTPUT" PRECISION ="10" SCALE ="0"/>
            <TRANSFORMFIELD DATATYPE ="integer" DEFAULTVALUE ="" DESCRIPTION ="" NAME ="SK_AE_LINE_NUM_INT" PICTURETEXT ="" PORTTYPE ="INPUT/OUTPUT" PRECISION ="10" SCALE ="0"/>
            <TRANSFORMFIELD DATATYPE ="integer" DEFAULTVALUE ="" DESCRIPTION ="" NAME ="SK_TRX_ID_INT" PICTURETEXT ="" PORTTYPE ="INPUT/OUTPUT" PRECISION ="10" SCALE ="0"/>
            <TRANSFORMFIELD DATATYPE ="integer" DEFAULTVALUE ="" DESCRIPTION ="" NAME ="AR_TRX_KEY" PICTURETEXT ="" PORTTYPE ="INPUT/OUTPUT" PRECISION ="10" SCALE ="0"/>
            <TRANSFORMFIELD DATATYPE ="integer" DEFAULTVALUE ="" DESCRIPTION ="" NAME ="AR_TRX_LINE_KEY" PICTURETEXT ="" PORTTYPE ="INPUT/OUTPUT" PRECISION ="10" SCALE ="0"/>
            <TRANSFORMFIELD DATATYPE ="integer" DEFAULTVALUE ="" DESCRIPTION ="" NAME ="BILL_TO_CUST_PRTY_KEY" PICTURETEXT ="" PORTTYPE ="INPUT/OUTPUT" PRECISION ="10" SCALE ="0"/>
            <TRANSFORMFIELD DATATYPE ="date/time" DEFAULTVALUE ="" DESCRIPTION ="" NAME ="GL_DT" PICTURETEXT ="" PORTTYPE ="INPUT/OUTPUT" PRECISION ="29" SCALE ="9"/>
            <TRANSFORMFIELD DATATYPE ="string" DEFAULTVALUE ="" DESCRIPTION ="" NAME ="BK_TRXL_ISO_CURR_CD" PICTURETEXT ="" PORTTYPE ="INPUT/OUTPUT" PRECISION ="3" SCALE ="0"/>
            <TRANSFORMFIELD DATATYPE ="string" DEFAULTVALUE ="" DESCRIPTION ="" NAME ="BK_FUNCTIONAL_ISO_CURR_CD" PICTURETEXT ="" PORTTYPE ="INPUT/OUTPUT" PRECISION ="3" SCALE ="0"/>
            <TRANSFORMFIELD DATATYPE ="string" DEFAULTVALUE ="" DESCRIPTION ="" NAME ="ACCT_CLASS_CD" PICTURETEXT ="" PORTTYPE ="INPUT/OUTPUT" PRECISION ="30" SCALE ="0"/>
            <TRANSFORMFIELD DATATYPE ="integer" DEFAULTVALUE ="" DESCRIPTION ="" NAME ="SALES_ORDER_KEY" PICTURETEXT ="" PORTTYPE ="INPUT/OUTPUT" PRECISION ="10" SCALE ="0"/>
            <TRANSFORMFIELD DATATYPE ="integer" DEFAULTVALUE ="" DESCRIPTION ="" NAME ="SALES_ORDER_LINE_KEY" PICTURETEXT ="" PORTTYPE ="INPUT/OUTPUT" PRECISION ="10" SCALE ="0"/>
            <TRANSFORMFIELD DATATYPE ="integer" DEFAULTVALUE ="" DESCRIPTION ="" NAME ="PRDT_INVOICED_QTY" PICTURETEXT ="" PORTTYPE ="INPUT/OUTPUT" PRECISION ="10" SCALE ="0"/>
            <TRANSFORMFIELD DATATYPE ="string" DEFAULTVALUE ="" DESCRIPTION ="" NAME ="REV_DISTRI_TYPE_CD" PICTURETEXT ="" PORTTYPE ="INPUT/OUTPUT" PRECISION ="75" SCALE ="0"/>
            <TRANSFORMFIELD DATATYPE ="integer" DEFAULTVALUE ="" DESCRIPTION ="" NAME ="GENERAL_LEDGER_ACCT_KEY" PICTURETEXT ="" PORTTYPE ="INPUT/OUTPUT" PRECISION ="10" SCALE ="0"/>
            <TRANSFORMFIELD DATATYPE ="string" DEFAULTVALUE ="" DESCRIPTION ="" NAME ="BK_COMPANY_CD" PICTURETEXT ="" PORTTYPE ="INPUT/OUTPUT" PRECISION ="3" SCALE ="0"/>
            <TRANSFORMFIELD DATATYPE ="integer" DEFAULTVALUE ="" DESCRIPTION ="" NAME ="SET_OF_BOOKS_KEY" PICTURETEXT ="" PORTTYPE ="INPUT/OUTPUT" PRECISION ="10" SCALE ="0"/>
            <TRANSFORMFIELD DATATYPE ="integer" DEFAULTVALUE ="" DESCRIPTION ="" NAME ="SK_PREVIOUS_TRX_ID_INT" PICTURETEXT ="" PORTTYPE ="INPUT/OUTPUT" PRECISION ="10" SCALE ="0"/>
            <TRANSFORMFIELD DATATYPE ="string" DEFAULTVALUE ="" DESCRIPTION ="" NAME ="CREDIT_DEBIT_TYPE" PICTURETEXT ="" PORTTYPE ="INPUT/OUTPUT" PRECISION ="8" SCALE ="0"/>
            <TRANSFORMFIELD DATATYPE ="date/time" DEFAULTVALUE ="" DESCRIPTION ="" NAME ="GL_POSTED_DT" PICTURETEXT ="" PORTTYPE ="INPUT/OUTPUT" PRECISION ="29" SCALE ="9"/>
            <TRANSFORMFIELD DATATYPE ="integer" DEFAULTVALUE ="" DESCRIPTION ="" NAME ="PRODUCT_KEY" PICTURETEXT ="" PORTTYPE ="INPUT/OUTPUT" PRECISION ="10" SCALE ="0"/>
            <TRANSFORMFIELD DATATYPE ="string" DEFAULTVALUE ="" DESCRIPTION ="" NAME ="BK_DEAL_ID" PICTURETEXT ="" PORTTYPE ="INPUT/OUTPUT" PRECISION ="50" SCALE ="0"/>
            <TRANSFORMFIELD DATATYPE ="string" DEFAULTVALUE ="" DESCRIPTION ="" NAME ="MANUAL_REV_TRANSFER_TYPE_CD" PICTURETEXT ="" PORTTYPE ="INPUT/OUTPUT" PRECISION ="8" SCALE ="0"/>
            <TRANSFORMFIELD DATATYPE ="string" DEFAULTVALUE ="" DESCRIPTION ="" NAME ="TRANSFER_GROUP_TYPE_CD" PICTURETEXT ="" PORTTYPE ="INPUT/OUTPUT" PRECISION ="8" SCALE ="0"/>
            <TRANSFORMFIELD DATATYPE ="integer" DEFAULTVALUE ="" DESCRIPTION ="" NAME ="SBSCRPTN_ITEM_CHANGE_ID_INT" PICTURETEXT ="" PORTTYPE ="INPUT/OUTPUT" PRECISION ="10" SCALE ="0"/>
            <TRANSFORMFIELD DATATYPE ="string" DEFAULTVALUE ="" DESCRIPTION ="" NAME ="ELEMENT_TYPE_CD" PICTURETEXT ="" PORTTYPE ="INPUT/OUTPUT" PRECISION ="30" SCALE ="0"/>
            <TRANSFORMFIELD DATATYPE ="integer" DEFAULTVALUE ="" DESCRIPTION ="" NAME ="BK_APPLICATION_ID_INT" PICTURETEXT ="" PORTTYPE ="INPUT/OUTPUT" PRECISION ="10" SCALE ="0"/>
            <TRANSFORMFIELD DATATYPE ="integer" DEFAULTVALUE ="" DESCRIPTION ="" NAME ="BILL_TO_ERP_CA_LOC_USE_KEY" PICTURETEXT ="" PORTTYPE ="INPUT/OUTPUT" PRECISION ="10" SCALE ="0"/>
            <TRANSFORMFIELD DATATYPE ="string" DEFAULTVALUE ="" DESCRIPTION ="" NAME ="TRX_SRC_CD" PICTURETEXT ="" PORTTYPE ="INPUT/OUTPUT" PRECISION ="50" SCALE ="0"/>
            <TRANSFORMFIELD DATATYPE ="integer" DEFAULTVALUE ="" DESCRIPTION ="" NAME ="OFFER_ATTRIBUTION_ID_INT" PICTURETEXT ="" PORTTYPE ="INPUT/OUTPUT" PRECISION ="10" SCALE ="0"/>
            <TRANSFORMFIELD DATATYPE ="string" DEFAULTVALUE ="" DESCRIPTION ="" NAME ="ATTRIBUTION_CD" PICTURETEXT ="" PORTTYPE ="INPUT/OUTPUT" PRECISION ="10" SCALE ="0"/>
            <TRANSFORMFIELD DATATYPE ="string" DEFAULTVALUE ="" DESCRIPTION ="" NAME ="BK_WEB_ORDER_ID" PICTURETEXT ="" PORTTYPE ="INPUT/OUTPUT" PRECISION ="30" SCALE ="0"/>
            <TRANSFORMFIELD DATATYPE ="string" DEFAULTVALUE ="" DESCRIPTION ="" NAME ="SS_CD" PICTURETEXT ="" PORTTYPE ="INPUT/OUTPUT" PRECISION ="8" SCALE ="0"/>
            <TRANSFORMFIELD DATATYPE ="string" DEFAULTVALUE ="" DESCRIPTION ="" NAME ="ADJUSTMENT_TYPE_CD" PICTURETEXT ="" PORTTYPE ="INPUT/OUTPUT" PRECISION ="50" SCALE ="0"/>
            <TRANSFORMFIELD DATATYPE ="decimal" DEFAULTVALUE ="" DESCRIPTION ="" NAME ="RU_TRXL_CREDIT_AMT" PICTURETEXT ="" PORTTYPE ="INPUT/OUTPUT" PRECISION ="26" SCALE ="7"/>
            <TRANSFORMFIELD DATATYPE ="decimal" DEFAULTVALUE ="" DESCRIPTION ="" NAME ="RU_FUNCTIONAL_CREDIT_AMT" PICTURETEXT ="" PORTTYPE ="INPUT/OUTPUT" PRECISION ="26" SCALE ="7"/>
            <TRANSFORMFIELD DATATYPE ="decimal" DEFAULTVALUE ="" DESCRIPTION ="" NAME ="RU_TRXL_DEBIT_AMT" PICTURETEXT ="" PORTTYPE ="INPUT/OUTPUT" PRECISION ="26" SCALE ="7"/>
            <TRANSFORMFIELD DATATYPE ="decimal" DEFAULTVALUE ="" DESCRIPTION ="" NAME ="RU_FUNCTIONAL_DEBIT_AMT" PICTURETEXT ="" PORTTYPE ="INPUT/OUTPUT" PRECISION ="26" SCALE ="7"/>
            <TRANSFORMFIELD DATATYPE ="integer" DEFAULTVALUE ="" DESCRIPTION ="" NAME ="BK_POS_TRX_ID_INT" PICTURETEXT ="" PORTTYPE ="INPUT/OUTPUT" PRECISION ="10" SCALE ="0"/>
            <TRANSFORMFIELD DATATYPE ="string" DEFAULTVALUE ="" DESCRIPTION ="" NAME ="BK_FISCAL_CAL_CD" PICTURETEXT ="" PORTTYPE ="INPUT/OUTPUT" PRECISION ="50" SCALE ="0"/>
            <TRANSFORMFIELD DATATYPE ="integer" DEFAULTVALUE ="" DESCRIPTION ="" NAME ="BK_FISCAL_YEAR_NUM_INT" PICTURETEXT ="" PORTTYPE ="INPUT/OUTPUT" PRECISION ="10" SCALE ="0"/>
            <TRANSFORMFIELD DATATYPE ="integer" DEFAULTVALUE ="" DESCRIPTION ="" NAME ="BK_FISCAL_MTH_NUM_INT" PICTURETEXT ="" PORTTYPE ="INPUT/OUTPUT" PRECISION ="10" SCALE ="0"/>
            <TRANSFORMFIELD DATATYPE ="date/time" DEFAULTVALUE ="" DESCRIPTION ="" NAME ="EDW_CREATE_DTM" PICTURETEXT ="" PORTTYPE ="INPUT/OUTPUT" PRECISION ="29" SCALE ="9"/>
            <TRANSFORMFIELD DATATYPE ="string" DEFAULTVALUE ="" DESCRIPTION ="" NAME ="EDW_CREATE_USER" PICTURETEXT ="" PORTTYPE ="INPUT/OUTPUT" PRECISION ="30" SCALE ="0"/>
            <TRANSFORMFIELD DATATYPE ="date/time" DEFAULTVALUE ="" DESCRIPTION ="" NAME ="EDW_UPDATE_DTM" PICTURETEXT ="" PORTTYPE ="INPUT/OUTPUT" PRECISION ="29" SCALE ="9"/>
            <TRANSFORMFIELD DATATYPE ="string" DEFAULTVALUE ="" DESCRIPTION ="" NAME ="EDW_UPDATE_USER" PICTURETEXT ="" PORTTYPE ="INPUT/OUTPUT" PRECISION ="30" SCALE ="0"/>
            <TRANSFORMFIELD DATATYPE ="string" DEFAULTVALUE ="" DESCRIPTION ="" NAME ="REBATE_PROGRAM_NAME" PICTURETEXT ="" PORTTYPE ="INPUT/OUTPUT" PRECISION ="50" SCALE ="0"/>
            <TABLEATTRIBUTE NAME ="Sql Query" VALUE ="SELECT&#xD;&#xA;ROL_TRX_LINE_GL_DISTRI_KEY&#xD;&#xA;,SK_TRX_DISTRI_ID_INT     &#xD;&#xA;,SK_AE_HEADER_ID_INT      &#xD;&#xA;,SK_AE_LINE_NUM_INT       &#xD;&#xA;,SK_TRX_ID_INT            &#xD;&#xA;,AR_TRX_KEY               &#xD;&#xA;,AR_TRX_LINE_KEY          &#xD;&#xA;,BILL_TO_CUST_PRTY_KEY    &#xD;&#xA;,GL_DT                    &#xD;&#xA;,BK_TRXL_ISO_CURR_CD      &#xD;&#xA;,BK_FUNCTIONAL_ISO_CURR_CD&#xD;&#xA;,ACCT_CLASS_CD            &#xD;&#xA;,SALES_ORDER_KEY          &#xD;&#xA;,SALES_ORDER_LINE_KEY     &#xD;&#xA;,PRDT_INVOICED_QTY        &#xD;&#xA;,REV_DISTRI_TYPE_CD       &#xD;&#xA;,GENERAL_LEDGER_ACCT_KEY  &#xD;&#xA;,BK_COMPANY_CD            &#xD;&#xA;,SET_OF_BOOKS_KEY         &#xD;&#xA;,SK_PREVIOUS_TRX_ID_INT   &#xD;&#xA;,CREDIT_DEBIT_TYPE        &#xD;&#xA;,GL_POSTED_DT             &#xD;&#xA;,PRODUCT_KEY              &#xD;&#xA;,BK_DEAL_ID               &#xD;&#xA;,MANUAL_REV_TRANSFER_TYPE_CD&#xD;&#xA;,TRANSFER_GROUP_TYPE_CD   &#xD;&#xA;,SBSCRPTN_ITEM_CHANGE_ID_INT&#xD;&#xA;,ELEMENT_TYPE_CD          &#xD;&#xA;,BK_APPLICATION_ID_INT    &#xD;&#xA;,BILL_TO_ERP_CA_LOC_USE_KEY&#xD;&#xA;,TRX_SRC_CD               &#xD;&#xA;,OFFER_ATTRIBUTION_ID_INT &#xD;&#xA;,ATTRIBUTION_CD           &#xD;&#xA;,BK_WEB_ORDER_ID          &#xD;&#xA;,SS_CD                    &#xD;&#xA;,ADJUSTMENT_TYPE_CD       &#xD;&#xA;,RU_TRXL_CREDIT_AMT  &#xD;&#xA;,RU_FUNCTIONAL_CREDIT_AMT &#xD;&#xA;,RU_TRXL_DEBIT_AMT  &#xD;&#xA;,RU_FUNCTIONAL_DEBIT_AMT  &#xD;&#xA;,BK_POS_TRX_ID_INT&#xD;&#xA;,BK_FISCAL_CAL_CD&#xD;&#xA;,BK_FISCAL_YEAR_NUM_INT&#xD;&#xA;,BK_FISCAL_MTH_NUM_INT&#xD;&#xA;,EDW_CREATE_DTM           &#xD;&#xA;,EDW_CREATE_USER          &#xD;&#xA;,EDW_UPDATE_DTM &#xD;&#xA;,EDW_UPDATE_USER&#xD;&#xA;,REBATE_PROGRAM_NAME&#xD;&#xA;FROM&#xD;&#xA;$$WORKDB.W_ROL_TRX_LINE_GL_DISTRI WROL&#xD;&#xA;WHERE NOT EXISTS (SELECT 1 FROM $$FINLGLVWDB.N_ROL_TRX_LINE_GL_DISTRI NROL&#xD;&#xA;WHERE NROL.ROL_TRX_LINE_GL_DISTRI_KEY = WROL.ROL_TRX_LINE_GL_DISTRI_KEY)"/>
            <TABLEATTRIBUTE NAME ="User Defined Join" VALUE =""/>
            <TABLEATTRIBUTE NAME ="Source Filter" VALUE =""/>
            <TABLEATTRIBUTE NAME ="Number Of Sorted Ports" VALUE ="0"/>
            <TABLEATTRIBUTE NAME ="Tracing Level" VALUE ="Normal"/>
            <TABLEATTRIBUTE NAME ="Select Distinct" VALUE ="NO"/>
            <TABLEATTRIBUTE NAME ="Is Partitionable" VALUE ="NO"/>
            <TABLEATTRIBUTE NAME ="Pre SQL" VALUE =""/>
            <TABLEATTRIBUTE NAME ="Post SQL" VALUE =""/>
            <TABLEATTRIBUTE NAME ="Output is deterministic" VALUE ="NO"/>
            <TABLEATTRIBUTE NAME ="Output is repeatable" VALUE ="Never"/>
        </TRANSFORMATION>
        <INSTANCE DESCRIPTION ="" NAME ="N_ROL_TRX_LINE_GL_DISTRI" TRANSFORMATION_NAME ="N_ROL_TRX_LINE_GL_DISTRI" TRANSFORMATION_TYPE ="Target Definition" TYPE ="TARGET"/>
        <INSTANCE DESCRIPTION ="" NAME ="SQ_W_ROL_TRX_LINE_GL_DISTRI" REUSABLE ="NO" TRANSFORMATION_NAME ="SQ_W_ROL_TRX_LINE_GL_DISTRI" TRANSFORMATION_TYPE ="Source Qualifier" TYPE ="TRANSFORMATION">
            <ASSOCIATED_SOURCE_INSTANCE NAME ="W_ROL_TRX_LINE_GL_DISTRI"/>
        </INSTANCE>
        <INSTANCE DBDNAME ="TDDEV" DESCRIPTION ="" NAME ="W_ROL_TRX_LINE_GL_DISTRI" TRANSFORMATION_NAME ="W_ROL_TRX_LINE_GL_DISTRI" TRANSFORMATION_TYPE ="Source Definition" TYPE ="SOURCE"/>
        <CONNECTOR FROMFIELD ="ROL_TRX_LINE_GL_DISTRI_KEY" FROMINSTANCE ="SQ_W_ROL_TRX_LINE_GL_DISTRI" FROMINSTANCETYPE ="Source Qualifier" TOFIELD ="ROL_TRX_LINE_GL_DISTRI_KEY" TOINSTANCE ="N_ROL_TRX_LINE_GL_DISTRI" TOINSTANCETYPE ="Target Definition"/>
        <CONNECTOR FROMFIELD ="SK_TRX_DISTRI_ID_INT" FROMINSTANCE ="SQ_W_ROL_TRX_LINE_GL_DISTRI" FROMINSTANCETYPE ="Source Qualifier" TOFIELD ="SK_TRX_DISTRI_ID_INT" TOINSTANCE ="N_ROL_TRX_LINE_GL_DISTRI" TOINSTANCETYPE ="Target Definition"/>
        <CONNECTOR FROMFIELD ="SK_AE_HEADER_ID_INT" FROMINSTANCE ="SQ_W_ROL_TRX_LINE_GL_DISTRI" FROMINSTANCETYPE ="Source Qualifier" TOFIELD ="SK_AE_HEADER_ID_INT" TOINSTANCE ="N_ROL_TRX_LINE_GL_DISTRI" TOINSTANCETYPE ="Target Definition"/>
        <CONNECTOR FROMFIELD ="SK_AE_LINE_NUM_INT" FROMINSTANCE ="SQ_W_ROL_TRX_LINE_GL_DISTRI" FROMINSTANCETYPE ="Source Qualifier" TOFIELD ="SK_AE_LINE_NUM_INT" TOINSTANCE ="N_ROL_TRX_LINE_GL_DISTRI" TOINSTANCETYPE ="Target Definition"/>
        <CONNECTOR FROMFIELD ="SK_TRX_ID_INT" FROMINSTANCE ="SQ_W_ROL_TRX_LINE_GL_DISTRI" FROMINSTANCETYPE ="Source Qualifier" TOFIELD ="SK_TRX_ID_INT" TOINSTANCE ="N_ROL_TRX_LINE_GL_DISTRI" TOINSTANCETYPE ="Target Definition"/>
        <CONNECTOR FROMFIELD ="AR_TRX_KEY" FROMINSTANCE ="SQ_W_ROL_TRX_LINE_GL_DISTRI" FROMINSTANCETYPE ="Source Qualifier" TOFIELD ="AR_TRX_KEY" TOINSTANCE ="N_ROL_TRX_LINE_GL_DISTRI" TOINSTANCETYPE ="Target Definition"/>
        <CONNECTOR FROMFIELD ="AR_TRX_LINE_KEY" FROMINSTANCE ="SQ_W_ROL_TRX_LINE_GL_DISTRI" FROMINSTANCETYPE ="Source Qualifier" TOFIELD ="AR_TRX_LINE_KEY" TOINSTANCE ="N_ROL_TRX_LINE_GL_DISTRI" TOINSTANCETYPE ="Target Definition"/>
        <CONNECTOR FROMFIELD ="BILL_TO_CUST_PRTY_KEY" FROMINSTANCE ="SQ_W_ROL_TRX_LINE_GL_DISTRI" FROMINSTANCETYPE ="Source Qualifier" TOFIELD ="BILL_TO_CUST_PRTY_KEY" TOINSTANCE ="N_ROL_TRX_LINE_GL_DISTRI" TOINSTANCETYPE ="Target Definition"/>
        <CONNECTOR FROMFIELD ="GL_DT" FROMINSTANCE ="SQ_W_ROL_TRX_LINE_GL_DISTRI" FROMINSTANCETYPE ="Source Qualifier" TOFIELD ="GL_DT" TOINSTANCE ="N_ROL_TRX_LINE_GL_DISTRI" TOINSTANCETYPE ="Target Definition"/>
        <CONNECTOR FROMFIELD ="BK_TRXL_ISO_CURR_CD" FROMINSTANCE ="SQ_W_ROL_TRX_LINE_GL_DISTRI" FROMINSTANCETYPE ="Source Qualifier" TOFIELD ="BK_TRXL_ISO_CURR_CD" TOINSTANCE ="N_ROL_TRX_LINE_GL_DISTRI" TOINSTANCETYPE ="Target Definition"/>
        <CONNECTOR FROMFIELD ="BK_FUNCTIONAL_ISO_CURR_CD" FROMINSTANCE ="SQ_W_ROL_TRX_LINE_GL_DISTRI" FROMINSTANCETYPE ="Source Qualifier" TOFIELD ="BK_FUNCTIONAL_ISO_CURR_CD" TOINSTANCE ="N_ROL_TRX_LINE_GL_DISTRI" TOINSTANCETYPE ="Target Definition"/>
        <CONNECTOR FROMFIELD ="ACCT_CLASS_CD" FROMINSTANCE ="SQ_W_ROL_TRX_LINE_GL_DISTRI" FROMINSTANCETYPE ="Source Qualifier" TOFIELD ="ACCT_CLASS_CD" TOINSTANCE ="N_ROL_TRX_LINE_GL_DISTRI" TOINSTANCETYPE ="Target Definition"/>
        <CONNECTOR FROMFIELD ="SALES_ORDER_KEY" FROMINSTANCE ="SQ_W_ROL_TRX_LINE_GL_DISTRI" FROMINSTANCETYPE ="Source Qualifier" TOFIELD ="SALES_ORDER_KEY" TOINSTANCE ="N_ROL_TRX_LINE_GL_DISTRI" TOINSTANCETYPE ="Target Definition"/>
        <CONNECTOR FROMFIELD ="SALES_ORDER_LINE_KEY" FROMINSTANCE ="SQ_W_ROL_TRX_LINE_GL_DISTRI" FROMINSTANCETYPE ="Source Qualifier" TOFIELD ="SALES_ORDER_LINE_KEY" TOINSTANCE ="N_ROL_TRX_LINE_GL_DISTRI" TOINSTANCETYPE ="Target Definition"/>
        <CONNECTOR FROMFIELD ="PRDT_INVOICED_QTY" FROMINSTANCE ="SQ_W_ROL_TRX_LINE_GL_DISTRI" FROMINSTANCETYPE ="Source Qualifier" TOFIELD ="PRDT_INVOICED_QTY" TOINSTANCE ="N_ROL_TRX_LINE_GL_DISTRI" TOINSTANCETYPE ="Target Definition"/>
        <CONNECTOR FROMFIELD ="REV_DISTRI_TYPE_CD" FROMINSTANCE ="SQ_W_ROL_TRX_LINE_GL_DISTRI" FROMINSTANCETYPE ="Source Qualifier" TOFIELD ="REV_DISTRI_TYPE_CD" TOINSTANCE ="N_ROL_TRX_LINE_GL_DISTRI" TOINSTANCETYPE ="Target Definition"/>
        <CONNECTOR FROMFIELD ="GENERAL_LEDGER_ACCT_KEY" FROMINSTANCE ="SQ_W_ROL_TRX_LINE_GL_DISTRI" FROMINSTANCETYPE ="Source Qualifier" TOFIELD ="GENERAL_LEDGER_ACCT_KEY" TOINSTANCE ="N_ROL_TRX_LINE_GL_DISTRI" TOINSTANCETYPE ="Target Definition"/>
        <CONNECTOR FROMFIELD ="BK_COMPANY_CD" FROMINSTANCE ="SQ_W_ROL_TRX_LINE_GL_DISTRI" FROMINSTANCETYPE ="Source Qualifier" TOFIELD ="BK_COMPANY_CD" TOINSTANCE ="N_ROL_TRX_LINE_GL_DISTRI" TOINSTANCETYPE ="Target Definition"/>
        <CONNECTOR FROMFIELD ="SET_OF_BOOKS_KEY" FROMINSTANCE ="SQ_W_ROL_TRX_LINE_GL_DISTRI" FROMINSTANCETYPE ="Source Qualifier" TOFIELD ="SET_OF_BOOKS_KEY" TOINSTANCE ="N_ROL_TRX_LINE_GL_DISTRI" TOINSTANCETYPE ="Target Definition"/>
        <CONNECTOR FROMFIELD ="SK_PREVIOUS_TRX_ID_INT" FROMINSTANCE ="SQ_W_ROL_TRX_LINE_GL_DISTRI" FROMINSTANCETYPE ="Source Qualifier" TOFIELD ="SK_PREVIOUS_TRX_ID_INT" TOINSTANCE ="N_ROL_TRX_LINE_GL_DISTRI" TOINSTANCETYPE ="Target Definition"/>
        <CONNECTOR FROMFIELD ="CREDIT_DEBIT_TYPE" FROMINSTANCE ="SQ_W_ROL_TRX_LINE_GL_DISTRI" FROMINSTANCETYPE ="Source Qualifier" TOFIELD ="CREDIT_DEBIT_TYPE" TOINSTANCE ="N_ROL_TRX_LINE_GL_DISTRI" TOINSTANCETYPE ="Target Definition"/>
        <CONNECTOR FROMFIELD ="GL_POSTED_DT" FROMINSTANCE ="SQ_W_ROL_TRX_LINE_GL_DISTRI" FROMINSTANCETYPE ="Source Qualifier" TOFIELD ="GL_POSTED_DT" TOINSTANCE ="N_ROL_TRX_LINE_GL_DISTRI" TOINSTANCETYPE ="Target Definition"/>
        <CONNECTOR FROMFIELD ="PRODUCT_KEY" FROMINSTANCE ="SQ_W_ROL_TRX_LINE_GL_DISTRI" FROMINSTANCETYPE ="Source Qualifier" TOFIELD ="PRODUCT_KEY" TOINSTANCE ="N_ROL_TRX_LINE_GL_DISTRI" TOINSTANCETYPE ="Target Definition"/>
        <CONNECTOR FROMFIELD ="BK_DEAL_ID" FROMINSTANCE ="SQ_W_ROL_TRX_LINE_GL_DISTRI" FROMINSTANCETYPE ="Source Qualifier" TOFIELD ="BK_DEAL_ID" TOINSTANCE ="N_ROL_TRX_LINE_GL_DISTRI" TOINSTANCETYPE ="Target Definition"/>
        <CONNECTOR FROMFIELD ="MANUAL_REV_TRANSFER_TYPE_CD" FROMINSTANCE ="SQ_W_ROL_TRX_LINE_GL_DISTRI" FROMINSTANCETYPE ="Source Qualifier" TOFIELD ="MANUAL_REV_TRANSFER_TYPE_CD" TOINSTANCE ="N_ROL_TRX_LINE_GL_DISTRI" TOINSTANCETYPE ="Target Definition"/>
        <CONNECTOR FROMFIELD ="TRANSFER_GROUP_TYPE_CD" FROMINSTANCE ="SQ_W_ROL_TRX_LINE_GL_DISTRI" FROMINSTANCETYPE ="Source Qualifier" TOFIELD ="TRANSFER_GROUP_TYPE_CD" TOINSTANCE ="N_ROL_TRX_LINE_GL_DISTRI" TOINSTANCETYPE ="Target Definition"/>
        <CONNECTOR FROMFIELD ="SBSCRPTN_ITEM_CHANGE_ID_INT" FROMINSTANCE ="SQ_W_ROL_TRX_LINE_GL_DISTRI" FROMINSTANCETYPE ="Source Qualifier" TOFIELD ="SBSCRPTN_ITEM_CHANGE_ID_INT" TOINSTANCE ="N_ROL_TRX_LINE_GL_DISTRI" TOINSTANCETYPE ="Target Definition"/>
        <CONNECTOR FROMFIELD ="ELEMENT_TYPE_CD" FROMINSTANCE ="SQ_W_ROL_TRX_LINE_GL_DISTRI" FROMINSTANCETYPE ="Source Qualifier" TOFIELD ="ELEMENT_TYPE_CD" TOINSTANCE ="N_ROL_TRX_LINE_GL_DISTRI" TOINSTANCETYPE ="Target Definition"/>
        <CONNECTOR FROMFIELD ="BK_APPLICATION_ID_INT" FROMINSTANCE ="SQ_W_ROL_TRX_LINE_GL_DISTRI" FROMINSTANCETYPE ="Source Qualifier" TOFIELD ="BK_APPLICATION_ID_INT" TOINSTANCE ="N_ROL_TRX_LINE_GL_DISTRI" TOINSTANCETYPE ="Target Definition"/>
        <CONNECTOR FROMFIELD ="BILL_TO_ERP_CA_LOC_USE_KEY" FROMINSTANCE ="SQ_W_ROL_TRX_LINE_GL_DISTRI" FROMINSTANCETYPE ="Source Qualifier" TOFIELD ="BILL_TO_ERP_CA_LOC_USE_KEY" TOINSTANCE ="N_ROL_TRX_LINE_GL_DISTRI" TOINSTANCETYPE ="Target Definition"/>
        <CONNECTOR FROMFIELD ="TRX_SRC_CD" FROMINSTANCE ="SQ_W_ROL_TRX_LINE_GL_DISTRI" FROMINSTANCETYPE ="Source Qualifier" TOFIELD ="TRX_SRC_CD" TOINSTANCE ="N_ROL_TRX_LINE_GL_DISTRI" TOINSTANCETYPE ="Target Definition"/>
        <CONNECTOR FROMFIELD ="OFFER_ATTRIBUTION_ID_INT" FROMINSTANCE ="SQ_W_ROL_TRX_LINE_GL_DISTRI" FROMINSTANCETYPE ="Source Qualifier" TOFIELD ="OFFER_ATTRIBUTION_ID_INT" TOINSTANCE ="N_ROL_TRX_LINE_GL_DISTRI" TOINSTANCETYPE ="Target Definition"/>
        <CONNECTOR FROMFIELD ="ATTRIBUTION_CD" FROMINSTANCE ="SQ_W_ROL_TRX_LINE_GL_DISTRI" FROMINSTANCETYPE ="Source Qualifier" TOFIELD ="ATTRIBUTION_CD" TOINSTANCE ="N_ROL_TRX_LINE_GL_DISTRI" TOINSTANCETYPE ="Target Definition"/>
        <CONNECTOR FROMFIELD ="BK_WEB_ORDER_ID" FROMINSTANCE ="SQ_W_ROL_TRX_LINE_GL_DISTRI" FROMINSTANCETYPE ="Source Qualifier" TOFIELD ="BK_WEB_ORDER_ID" TOINSTANCE ="N_ROL_TRX_LINE_GL_DISTRI" TOINSTANCETYPE ="Target Definition"/>
        <CONNECTOR FROMFIELD ="SS_CD" FROMINSTANCE ="SQ_W_ROL_TRX_LINE_GL_DISTRI" FROMINSTANCETYPE ="Source Qualifier" TOFIELD ="SS_CD" TOINSTANCE ="N_ROL_TRX_LINE_GL_DISTRI" TOINSTANCETYPE ="Target Definition"/>
        <CONNECTOR FROMFIELD ="ADJUSTMENT_TYPE_CD" FROMINSTANCE ="SQ_W_ROL_TRX_LINE_GL_DISTRI" FROMINSTANCETYPE ="Source Qualifier" TOFIELD ="ADJUSTMENT_TYPE_CD" TOINSTANCE ="N_ROL_TRX_LINE_GL_DISTRI" TOINSTANCETYPE ="Target Definition"/>
        <CONNECTOR FROMFIELD ="RU_TRXL_CREDIT_AMT" FROMINSTANCE ="SQ_W_ROL_TRX_LINE_GL_DISTRI" FROMINSTANCETYPE ="Source Qualifier" TOFIELD ="RU_TRXL_CREDIT_AMT" TOINSTANCE ="N_ROL_TRX_LINE_GL_DISTRI" TOINSTANCETYPE ="Target Definition"/>
        <CONNECTOR FROMFIELD ="RU_FUNCTIONAL_CREDIT_AMT" FROMINSTANCE ="SQ_W_ROL_TRX_LINE_GL_DISTRI" FROMINSTANCETYPE ="Source Qualifier" TOFIELD ="RU_FUNCTIONAL_CREDIT_AMT" TOINSTANCE ="N_ROL_TRX_LINE_GL_DISTRI" TOINSTANCETYPE ="Target Definition"/>
        <CONNECTOR FROMFIELD ="RU_TRXL_DEBIT_AMT" FROMINSTANCE ="SQ_W_ROL_TRX_LINE_GL_DISTRI" FROMINSTANCETYPE ="Source Qualifier" TOFIELD ="RU_TRXL_DEBIT_AMT" TOINSTANCE ="N_ROL_TRX_LINE_GL_DISTRI" TOINSTANCETYPE ="Target Definition"/>
        <CONNECTOR FROMFIELD ="RU_FUNCTIONAL_DEBIT_AMT" FROMINSTANCE ="SQ_W_ROL_TRX_LINE_GL_DISTRI" FROMINSTANCETYPE ="Source Qualifier" TOFIELD ="RU_FUNCTIONAL_DEBIT_AMT" TOINSTANCE ="N_ROL_TRX_LINE_GL_DISTRI" TOINSTANCETYPE ="Target Definition"/>
        <CONNECTOR FROMFIELD ="EDW_CREATE_DTM" FROMINSTANCE ="SQ_W_ROL_TRX_LINE_GL_DISTRI" FROMINSTANCETYPE ="Source Qualifier" TOFIELD ="EDW_CREATE_DTM" TOINSTANCE ="N_ROL_TRX_LINE_GL_DISTRI" TOINSTANCETYPE ="Target Definition"/>
        <CONNECTOR FROMFIELD ="EDW_CREATE_USER" FROMINSTANCE ="SQ_W_ROL_TRX_LINE_GL_DISTRI" FROMINSTANCETYPE ="Source Qualifier" TOFIELD ="EDW_CREATE_USER" TOINSTANCE ="N_ROL_TRX_LINE_GL_DISTRI" TOINSTANCETYPE ="Target Definition"/>
        <CONNECTOR FROMFIELD ="EDW_UPDATE_DTM" FROMINSTANCE ="SQ_W_ROL_TRX_LINE_GL_DISTRI" FROMINSTANCETYPE ="Source Qualifier" TOFIELD ="EDW_UPDATE_DTM" TOINSTANCE ="N_ROL_TRX_LINE_GL_DISTRI" TOINSTANCETYPE ="Target Definition"/>
        <CONNECTOR FROMFIELD ="EDW_UPDATE_USER" FROMINSTANCE ="SQ_W_ROL_TRX_LINE_GL_DISTRI" FROMINSTANCETYPE ="Source Qualifier" TOFIELD ="EDW_UPDATE_USER" TOINSTANCE ="N_ROL_TRX_LINE_GL_DISTRI" TOINSTANCETYPE ="Target Definition"/>
        <CONNECTOR FROMFIELD ="BK_POS_TRX_ID_INT" FROMINSTANCE ="SQ_W_ROL_TRX_LINE_GL_DISTRI" FROMINSTANCETYPE ="Source Qualifier" TOFIELD ="BK_POS_TRX_ID_INT" TOINSTANCE ="N_ROL_TRX_LINE_GL_DISTRI" TOINSTANCETYPE ="Target Definition"/>
        <CONNECTOR FROMFIELD ="BK_FISCAL_CAL_CD" FROMINSTANCE ="SQ_W_ROL_TRX_LINE_GL_DISTRI" FROMINSTANCETYPE ="Source Qualifier" TOFIELD ="BK_FISCAL_CAL_CD" TOINSTANCE ="N_ROL_TRX_LINE_GL_DISTRI" TOINSTANCETYPE ="Target Definition"/>
        <CONNECTOR FROMFIELD ="BK_FISCAL_YEAR_NUM_INT" FROMINSTANCE ="SQ_W_ROL_TRX_LINE_GL_DISTRI" FROMINSTANCETYPE ="Source Qualifier" TOFIELD ="BK_FISCAL_YEAR_NUM_INT" TOINSTANCE ="N_ROL_TRX_LINE_GL_DISTRI" TOINSTANCETYPE ="Target Definition"/>
        <CONNECTOR FROMFIELD ="BK_FISCAL_MTH_NUM_INT" FROMINSTANCE ="SQ_W_ROL_TRX_LINE_GL_DISTRI" FROMINSTANCETYPE ="Source Qualifier" TOFIELD ="BK_FISCAL_MTH_NUM_INT" TOINSTANCE ="N_ROL_TRX_LINE_GL_DISTRI" TOINSTANCETYPE ="Target Definition"/>
        <CONNECTOR FROMFIELD ="REBATE_PROGRAM_NAME" FROMINSTANCE ="SQ_W_ROL_TRX_LINE_GL_DISTRI" FROMINSTANCETYPE ="Source Qualifier" TOFIELD ="REBATE_PROGRAM_NAME" TOINSTANCE ="N_ROL_TRX_LINE_GL_DISTRI" TOINSTANCETYPE ="Target Definition"/>
        <CONNECTOR FROMFIELD ="BK_DEAL_ID" FROMINSTANCE ="W_ROL_TRX_LINE_GL_DISTRI" FROMINSTANCETYPE ="Source Definition" TOFIELD ="BK_DEAL_ID" TOINSTANCE ="SQ_W_ROL_TRX_LINE_GL_DISTRI" TOINSTANCETYPE ="Source Qualifier"/>
        <CONNECTOR FROMFIELD ="ROL_TRX_LINE_GL_DISTRI_KEY" FROMINSTANCE ="W_ROL_TRX_LINE_GL_DISTRI" FROMINSTANCETYPE ="Source Definition" TOFIELD ="ROL_TRX_LINE_GL_DISTRI_KEY" TOINSTANCE ="SQ_W_ROL_TRX_LINE_GL_DISTRI" TOINSTANCETYPE ="Source Qualifier"/>
        <CONNECTOR FROMFIELD ="SK_TRX_DISTRI_ID_INT" FROMINSTANCE ="W_ROL_TRX_LINE_GL_DISTRI" FROMINSTANCETYPE ="Source Definition" TOFIELD ="SK_TRX_DISTRI_ID_INT" TOINSTANCE ="SQ_W_ROL_TRX_LINE_GL_DISTRI" TOINSTANCETYPE ="Source Qualifier"/>
        <CONNECTOR FROMFIELD ="SK_AE_HEADER_ID_INT" FROMINSTANCE ="W_ROL_TRX_LINE_GL_DISTRI" FROMINSTANCETYPE ="Source Definition" TOFIELD ="SK_AE_HEADER_ID_INT" TOINSTANCE ="SQ_W_ROL_TRX_LINE_GL_DISTRI" TOINSTANCETYPE ="Source Qualifier"/>
        <CONNECTOR FROMFIELD ="SK_AE_LINE_NUM_INT" FROMINSTANCE ="W_ROL_TRX_LINE_GL_DISTRI" FROMINSTANCETYPE ="Source Definition" TOFIELD ="SK_AE_LINE_NUM_INT" TOINSTANCE ="SQ_W_ROL_TRX_LINE_GL_DISTRI" TOINSTANCETYPE ="Source Qualifier"/>
        <CONNECTOR FROMFIELD ="SK_TRX_ID_INT" FROMINSTANCE ="W_ROL_TRX_LINE_GL_DISTRI" FROMINSTANCETYPE ="Source Definition" TOFIELD ="SK_TRX_ID_INT" TOINSTANCE ="SQ_W_ROL_TRX_LINE_GL_DISTRI" TOINSTANCETYPE ="Source Qualifier"/>
        <CONNECTOR FROMFIELD ="AR_TRX_KEY" FROMINSTANCE ="W_ROL_TRX_LINE_GL_DISTRI" FROMINSTANCETYPE ="Source Definition" TOFIELD ="AR_TRX_KEY" TOINSTANCE ="SQ_W_ROL_TRX_LINE_GL_DISTRI" TOINSTANCETYPE ="Source Qualifier"/>
        <CONNECTOR FROMFIELD ="AR_TRX_LINE_KEY" FROMINSTANCE ="W_ROL_TRX_LINE_GL_DISTRI" FROMINSTANCETYPE ="Source Definition" TOFIELD ="AR_TRX_LINE_KEY" TOINSTANCE ="SQ_W_ROL_TRX_LINE_GL_DISTRI" TOINSTANCETYPE ="Source Qualifier"/>
        <CONNECTOR FROMFIELD ="BILL_TO_CUST_PRTY_KEY" FROMINSTANCE ="W_ROL_TRX_LINE_GL_DISTRI" FROMINSTANCETYPE ="Source Definition" TOFIELD ="BILL_TO_CUST_PRTY_KEY" TOINSTANCE ="SQ_W_ROL_TRX_LINE_GL_DISTRI" TOINSTANCETYPE ="Source Qualifier"/>
        <CONNECTOR FROMFIELD ="GL_DT" FROMINSTANCE ="W_ROL_TRX_LINE_GL_DISTRI" FROMINSTANCETYPE ="Source Definition" TOFIELD ="GL_DT" TOINSTANCE ="SQ_W_ROL_TRX_LINE_GL_DISTRI" TOINSTANCETYPE ="Source Qualifier"/>
        <CONNECTOR FROMFIELD ="BK_TRXL_ISO_CURR_CD" FROMINSTANCE ="W_ROL_TRX_LINE_GL_DISTRI" FROMINSTANCETYPE ="Source Definition" TOFIELD ="BK_TRXL_ISO_CURR_CD" TOINSTANCE ="SQ_W_ROL_TRX_LINE_GL_DISTRI" TOINSTANCETYPE ="Source Qualifier"/>
        <CONNECTOR FROMFIELD ="BK_FUNCTIONAL_ISO_CURR_CD" FROMINSTANCE ="W_ROL_TRX_LINE_GL_DISTRI" FROMINSTANCETYPE ="Source Definition" TOFIELD ="BK_FUNCTIONAL_ISO_CURR_CD" TOINSTANCE ="SQ_W_ROL_TRX_LINE_GL_DISTRI" TOINSTANCETYPE ="Source Qualifier"/>
        <CONNECTOR FROMFIELD ="ACCT_CLASS_CD" FROMINSTANCE ="W_ROL_TRX_LINE_GL_DISTRI" FROMINSTANCETYPE ="Source Definition" TOFIELD ="ACCT_CLASS_CD" TOINSTANCE ="SQ_W_ROL_TRX_LINE_GL_DISTRI" TOINSTANCETYPE ="Source Qualifier"/>
        <CONNECTOR FROMFIELD ="SALES_ORDER_KEY" FROMINSTANCE ="W_ROL_TRX_LINE_GL_DISTRI" FROMINSTANCETYPE ="Source Definition" TOFIELD ="SALES_ORDER_KEY" TOINSTANCE ="SQ_W_ROL_TRX_LINE_GL_DISTRI" TOINSTANCETYPE ="Source Qualifier"/>
        <CONNECTOR FROMFIELD ="SALES_ORDER_LINE_KEY" FROMINSTANCE ="W_ROL_TRX_LINE_GL_DISTRI" FROMINSTANCETYPE ="Source Definition" TOFIELD ="SALES_ORDER_LINE_KEY" TOINSTANCE ="SQ_W_ROL_TRX_LINE_GL_DISTRI" TOINSTANCETYPE ="Source Qualifier"/>
        <CONNECTOR FROMFIELD ="PRDT_INVOICED_QTY" FROMINSTANCE ="W_ROL_TRX_LINE_GL_DISTRI" FROMINSTANCETYPE ="Source Definition" TOFIELD ="PRDT_INVOICED_QTY" TOINSTANCE ="SQ_W_ROL_TRX_LINE_GL_DISTRI" TOINSTANCETYPE ="Source Qualifier"/>
        <CONNECTOR FROMFIELD ="REV_DISTRI_TYPE_CD" FROMINSTANCE ="W_ROL_TRX_LINE_GL_DISTRI" FROMINSTANCETYPE ="Source Definition" TOFIELD ="REV_DISTRI_TYPE_CD" TOINSTANCE ="SQ_W_ROL_TRX_LINE_GL_DISTRI" TOINSTANCETYPE ="Source Qualifier"/>
        <CONNECTOR FROMFIELD ="GENERAL_LEDGER_ACCT_KEY" FROMINSTANCE ="W_ROL_TRX_LINE_GL_DISTRI" FROMINSTANCETYPE ="Source Definition" TOFIELD ="GENERAL_LEDGER_ACCT_KEY" TOINSTANCE ="SQ_W_ROL_TRX_LINE_GL_DISTRI" TOINSTANCETYPE ="Source Qualifier"/>
        <CONNECTOR FROMFIELD ="BK_COMPANY_CD" FROMINSTANCE ="W_ROL_TRX_LINE_GL_DISTRI" FROMINSTANCETYPE ="Source Definition" TOFIELD ="BK_COMPANY_CD" TOINSTANCE ="SQ_W_ROL_TRX_LINE_GL_DISTRI" TOINSTANCETYPE ="Source Qualifier"/>
        <CONNECTOR FROMFIELD ="SET_OF_BOOKS_KEY" FROMINSTANCE ="W_ROL_TRX_LINE_GL_DISTRI" FROMINSTANCETYPE ="Source Definition" TOFIELD ="SET_OF_BOOKS_KEY" TOINSTANCE ="SQ_W_ROL_TRX_LINE_GL_DISTRI" TOINSTANCETYPE ="Source Qualifier"/>
        <CONNECTOR FROMFIELD ="SK_PREVIOUS_TRX_ID_INT" FROMINSTANCE ="W_ROL_TRX_LINE_GL_DISTRI" FROMINSTANCETYPE ="Source Definition" TOFIELD ="SK_PREVIOUS_TRX_ID_INT" TOINSTANCE ="SQ_W_ROL_TRX_LINE_GL_DISTRI" TOINSTANCETYPE ="Source Qualifier"/>
        <CONNECTOR FROMFIELD ="CREDIT_DEBIT_TYPE" FROMINSTANCE ="W_ROL_TRX_LINE_GL_DISTRI" FROMINSTANCETYPE ="Source Definition" TOFIELD ="CREDIT_DEBIT_TYPE" TOINSTANCE ="SQ_W_ROL_TRX_LINE_GL_DISTRI" TOINSTANCETYPE ="Source Qualifier"/>
        <CONNECTOR FROMFIELD ="GL_POSTED_DT" FROMINSTANCE ="W_ROL_TRX_LINE_GL_DISTRI" FROMINSTANCETYPE ="Source Definition" TOFIELD ="GL_POSTED_DT" TOINSTANCE ="SQ_W_ROL_TRX_LINE_GL_DISTRI" TOINSTANCETYPE ="Source Qualifier"/>
        <CONNECTOR FROMFIELD ="PRODUCT_KEY" FROMINSTANCE ="W_ROL_TRX_LINE_GL_DISTRI" FROMINSTANCETYPE ="Source Definition" TOFIELD ="PRODUCT_KEY" TOINSTANCE ="SQ_W_ROL_TRX_LINE_GL_DISTRI" TOINSTANCETYPE ="Source Qualifier"/>
        <CONNECTOR FROMFIELD ="MANUAL_REV_TRANSFER_TYPE_CD" FROMINSTANCE ="W_ROL_TRX_LINE_GL_DISTRI" FROMINSTANCETYPE ="Source Definition" TOFIELD ="MANUAL_REV_TRANSFER_TYPE_CD" TOINSTANCE ="SQ_W_ROL_TRX_LINE_GL_DISTRI" TOINSTANCETYPE ="Source Qualifier"/>
        <CONNECTOR FROMFIELD ="TRANSFER_GROUP_TYPE_CD" FROMINSTANCE ="W_ROL_TRX_LINE_GL_DISTRI" FROMINSTANCETYPE ="Source Definition" TOFIELD ="TRANSFER_GROUP_TYPE_CD" TOINSTANCE ="SQ_W_ROL_TRX_LINE_GL_DISTRI" TOINSTANCETYPE ="Source Qualifier"/>
        <CONNECTOR FROMFIELD ="SBSCRPTN_ITEM_CHANGE_ID_INT" FROMINSTANCE ="W_ROL_TRX_LINE_GL_DISTRI" FROMINSTANCETYPE ="Source Definition" TOFIELD ="SBSCRPTN_ITEM_CHANGE_ID_INT" TOINSTANCE ="SQ_W_ROL_TRX_LINE_GL_DISTRI" TOINSTANCETYPE ="Source Qualifier"/>
        <CONNECTOR FROMFIELD ="ELEMENT_TYPE_CD" FROMINSTANCE ="W_ROL_TRX_LINE_GL_DISTRI" FROMINSTANCETYPE ="Source Definition" TOFIELD ="ELEMENT_TYPE_CD" TOINSTANCE ="SQ_W_ROL_TRX_LINE_GL_DISTRI" TOINSTANCETYPE ="Source Qualifier"/>
        <CONNECTOR FROMFIELD ="BK_APPLICATION_ID_INT" FROMINSTANCE ="W_ROL_TRX_LINE_GL_DISTRI" FROMINSTANCETYPE ="Source Definition" TOFIELD ="BK_APPLICATION_ID_INT" TOINSTANCE ="SQ_W_ROL_TRX_LINE_GL_DISTRI" TOINSTANCETYPE ="Source Qualifier"/>
        <CONNECTOR FROMFIELD ="BILL_TO_ERP_CA_LOC_USE_KEY" FROMINSTANCE ="W_ROL_TRX_LINE_GL_DISTRI" FROMINSTANCETYPE ="Source Definition" TOFIELD ="BILL_TO_ERP_CA_LOC_USE_KEY" TOINSTANCE ="SQ_W_ROL_TRX_LINE_GL_DISTRI" TOINSTANCETYPE ="Source Qualifier"/>
        <CONNECTOR FROMFIELD ="TRX_SRC_CD" FROMINSTANCE ="W_ROL_TRX_LINE_GL_DISTRI" FROMINSTANCETYPE ="Source Definition" TOFIELD ="TRX_SRC_CD" TOINSTANCE ="SQ_W_ROL_TRX_LINE_GL_DISTRI" TOINSTANCETYPE ="Source Qualifier"/>
        <CONNECTOR FROMFIELD ="OFFER_ATTRIBUTION_ID_INT" FROMINSTANCE ="W_ROL_TRX_LINE_GL_DISTRI" FROMINSTANCETYPE ="Source Definition" TOFIELD ="OFFER_ATTRIBUTION_ID_INT" TOINSTANCE ="SQ_W_ROL_TRX_LINE_GL_DISTRI" TOINSTANCETYPE ="Source Qualifier"/>
        <CONNECTOR FROMFIELD ="ATTRIBUTION_CD" FROMINSTANCE ="W_ROL_TRX_LINE_GL_DISTRI" FROMINSTANCETYPE ="Source Definition" TOFIELD ="ATTRIBUTION_CD" TOINSTANCE ="SQ_W_ROL_TRX_LINE_GL_DISTRI" TOINSTANCETYPE ="Source Qualifier"/>
        <CONNECTOR FROMFIELD ="BK_WEB_ORDER_ID" FROMINSTANCE ="W_ROL_TRX_LINE_GL_DISTRI" FROMINSTANCETYPE ="Source Definition" TOFIELD ="BK_WEB_ORDER_ID" TOINSTANCE ="SQ_W_ROL_TRX_LINE_GL_DISTRI" TOINSTANCETYPE ="Source Qualifier"/>
        <CONNECTOR FROMFIELD ="SS_CD" FROMINSTANCE ="W_ROL_TRX_LINE_GL_DISTRI" FROMINSTANCETYPE ="Source Definition" TOFIELD ="SS_CD" TOINSTANCE ="SQ_W_ROL_TRX_LINE_GL_DISTRI" TOINSTANCETYPE ="Source Qualifier"/>
        <CONNECTOR FROMFIELD ="ADJUSTMENT_TYPE_CD" FROMINSTANCE ="W_ROL_TRX_LINE_GL_DISTRI" FROMINSTANCETYPE ="Source Definition" TOFIELD ="ADJUSTMENT_TYPE_CD" TOINSTANCE ="SQ_W_ROL_TRX_LINE_GL_DISTRI" TOINSTANCETYPE ="Source Qualifier"/>
        <CONNECTOR FROMFIELD ="RU_TRXL_CREDIT_AMT" FROMINSTANCE ="W_ROL_TRX_LINE_GL_DISTRI" FROMINSTANCETYPE ="Source Definition" TOFIELD ="RU_TRXL_CREDIT_AMT" TOINSTANCE ="SQ_W_ROL_TRX_LINE_GL_DISTRI" TOINSTANCETYPE ="Source Qualifier"/>
        <CONNECTOR FROMFIELD ="RU_FUNCTIONAL_CREDIT_AMT" FROMINSTANCE ="W_ROL_TRX_LINE_GL_DISTRI" FROMINSTANCETYPE ="Source Definition" TOFIELD ="RU_FUNCTIONAL_CREDIT_AMT" TOINSTANCE ="SQ_W_ROL_TRX_LINE_GL_DISTRI" TOINSTANCETYPE ="Source Qualifier"/>
        <CONNECTOR FROMFIELD ="RU_TRXL_DEBIT_AMT" FROMINSTANCE ="W_ROL_TRX_LINE_GL_DISTRI" FROMINSTANCETYPE ="Source Definition" TOFIELD ="RU_TRXL_DEBIT_AMT" TOINSTANCE ="SQ_W_ROL_TRX_LINE_GL_DISTRI" TOINSTANCETYPE ="Source Qualifier"/>
        <CONNECTOR FROMFIELD ="RU_FUNCTIONAL_DEBIT_AMT" FROMINSTANCE ="W_ROL_TRX_LINE_GL_DISTRI" FROMINSTANCETYPE ="Source Definition" TOFIELD ="RU_FUNCTIONAL_DEBIT_AMT" TOINSTANCE ="SQ_W_ROL_TRX_LINE_GL_DISTRI" TOINSTANCETYPE ="Source Qualifier"/>
        <CONNECTOR FROMFIELD ="EDW_CREATE_DTM" FROMINSTANCE ="W_ROL_TRX_LINE_GL_DISTRI" FROMINSTANCETYPE ="Source Definition" TOFIELD ="EDW_CREATE_DTM" TOINSTANCE ="SQ_W_ROL_TRX_LINE_GL_DISTRI" TOINSTANCETYPE ="Source Qualifier"/>
        <CONNECTOR FROMFIELD ="EDW_CREATE_USER" FROMINSTANCE ="W_ROL_TRX_LINE_GL_DISTRI" FROMINSTANCETYPE ="Source Definition" TOFIELD ="EDW_CREATE_USER" TOINSTANCE ="SQ_W_ROL_TRX_LINE_GL_DISTRI" TOINSTANCETYPE ="Source Qualifier"/>
        <CONNECTOR FROMFIELD ="EDW_UPDATE_DTM" FROMINSTANCE ="W_ROL_TRX_LINE_GL_DISTRI" FROMINSTANCETYPE ="Source Definition" TOFIELD ="EDW_UPDATE_DTM" TOINSTANCE ="SQ_W_ROL_TRX_LINE_GL_DISTRI" TOINSTANCETYPE ="Source Qualifier"/>
        <CONNECTOR FROMFIELD ="EDW_UPDATE_USER" FROMINSTANCE ="W_ROL_TRX_LINE_GL_DISTRI" FROMINSTANCETYPE ="Source Definition" TOFIELD ="EDW_UPDATE_USER" TOINSTANCE ="SQ_W_ROL_TRX_LINE_GL_DISTRI" TOINSTANCETYPE ="Source Qualifier"/>
        <CONNECTOR FROMFIELD ="BK_POS_TRX_ID_INT" FROMINSTANCE ="W_ROL_TRX_LINE_GL_DISTRI" FROMINSTANCETYPE ="Source Definition" TOFIELD ="BK_POS_TRX_ID_INT" TOINSTANCE ="SQ_W_ROL_TRX_LINE_GL_DISTRI" TOINSTANCETYPE ="Source Qualifier"/>
        <CONNECTOR FROMFIELD ="BK_FISCAL_CAL_CD" FROMINSTANCE ="W_ROL_TRX_LINE_GL_DISTRI" FROMINSTANCETYPE ="Source Definition" TOFIELD ="BK_FISCAL_CAL_CD" TOINSTANCE ="SQ_W_ROL_TRX_LINE_GL_DISTRI" TOINSTANCETYPE ="Source Qualifier"/>
        <CONNECTOR FROMFIELD ="BK_FISCAL_YEAR_NUM_INT" FROMINSTANCE ="W_ROL_TRX_LINE_GL_DISTRI" FROMINSTANCETYPE ="Source Definition" TOFIELD ="BK_FISCAL_YEAR_NUM_INT" TOINSTANCE ="SQ_W_ROL_TRX_LINE_GL_DISTRI" TOINSTANCETYPE ="Source Qualifier"/>
        <CONNECTOR FROMFIELD ="BK_FISCAL_MTH_NUM_INT" FROMINSTANCE ="W_ROL_TRX_LINE_GL_DISTRI" FROMINSTANCETYPE ="Source Definition" TOFIELD ="BK_FISCAL_MTH_NUM_INT" TOINSTANCE ="SQ_W_ROL_TRX_LINE_GL_DISTRI" TOINSTANCETYPE ="Source Qualifier"/>
        <CONNECTOR FROMFIELD ="REBATE_PROGRAM_NAME" FROMINSTANCE ="W_ROL_TRX_LINE_GL_DISTRI" FROMINSTANCETYPE ="Source Definition" TOFIELD ="REBATE_PROGRAM_NAME" TOINSTANCE ="SQ_W_ROL_TRX_LINE_GL_DISTRI" TOINSTANCETYPE ="Source Qualifier"/>
        <TARGETLOADORDER ORDER ="1" TARGETINSTANCE ="N_ROL_TRX_LINE_GL_DISTRI"/>
        <MAPPINGVARIABLE DATATYPE ="string" DEFAULTVALUE ="" DESCRIPTION ="" ISEXPRESSIONVARIABLE ="NO" ISPARAM ="YES" NAME ="$$WORKDB" PRECISION ="30" SCALE ="0" USERDEFINED ="YES"/>
        <MAPPINGVARIABLE DATATYPE ="string" DEFAULTVALUE ="" DESCRIPTION ="" ISEXPRESSIONVARIABLE ="NO" ISPARAM ="YES" NAME ="$$FINLGLVWDB" PRECISION ="30" SCALE ="0" USERDEFINED ="YES"/>
        <MAPPINGVARIABLE DATATYPE ="string" DEFAULTVALUE ="" DESCRIPTION ="" ISEXPRESSIONVARIABLE ="NO" ISPARAM ="YES" NAME ="$$FINLGLDB" PRECISION ="30" SCALE ="0" USERDEFINED ="YES"/>
        <ERPINFO/>
    </MAPPING>
    <CONFIG DESCRIPTION ="Default session configuration object" ISDEFAULT ="YES" NAME ="default_session_config" VERSIONNUMBER ="5">
        <ATTRIBUTE NAME ="Advanced" VALUE =""/>
        <ATTRIBUTE NAME ="Constraint based load ordering" VALUE ="NO"/>
        <ATTRIBUTE NAME ="Cache LOOKUP() function" VALUE ="YES"/>
        <ATTRIBUTE NAME ="Default buffer block size" VALUE ="Auto"/>
        <ATTRIBUTE NAME ="Line Sequential buffer length" VALUE ="1024"/>
        <ATTRIBUTE NAME ="Maximum Memory Allowed For Auto Memory Attributes" VALUE ="512MB"/>
        <ATTRIBUTE NAME ="Maximum Percentage of Total Memory Allowed For Auto Memory Attributes" VALUE ="5"/>
        <ATTRIBUTE NAME ="Additional Concurrent Pipelines for Lookup Cache Creation" VALUE ="Auto"/>
        <ATTRIBUTE NAME ="Custom Properties" VALUE =""/>
        <ATTRIBUTE NAME ="Pre-build lookup cache" VALUE ="Auto"/>
        <ATTRIBUTE NAME ="Optimization Level" VALUE ="Medium"/>
        <ATTRIBUTE NAME ="DateTime Format String" VALUE ="MM/DD/YYYY HH24:MI:SS"/>
        <ATTRIBUTE NAME ="Pre 85 Timestamp Compatibility" VALUE ="YES"/>
        <ATTRIBUTE NAME ="Log Options" VALUE ="0"/>
        <ATTRIBUTE NAME ="Save session log by" VALUE ="Session runs"/>
        <ATTRIBUTE NAME ="Save session log for these runs" VALUE ="5"/>
        <ATTRIBUTE NAME ="Session Log File Max Size" VALUE ="0"/>
        <ATTRIBUTE NAME ="Session Log File Max Time Period" VALUE ="0"/>
        <ATTRIBUTE NAME ="Maximum Partial Session Log Files" VALUE ="1"/>
        <ATTRIBUTE NAME ="Writer Commit Statistics Log Frequency" VALUE ="1"/>
        <ATTRIBUTE NAME ="Writer Commit Statistics Log Interval" VALUE ="0"/>
        <ATTRIBUTE NAME ="Error handling" VALUE =""/>
        <ATTRIBUTE NAME ="Stop on errors" VALUE ="1"/>
        <ATTRIBUTE NAME ="Override tracing" VALUE ="None"/>
        <ATTRIBUTE NAME ="On Stored Procedure error" VALUE ="Stop"/>
        <ATTRIBUTE NAME ="On Pre-session command task error" VALUE ="Stop"/>
        <ATTRIBUTE NAME ="On Pre-Post SQL error" VALUE ="Stop"/>
        <ATTRIBUTE NAME ="Enable Recovery" VALUE ="NO"/>
        <ATTRIBUTE NAME ="Error Log Type" VALUE ="None"/>
        <ATTRIBUTE NAME ="Error Log Table Name Prefix" VALUE =""/>
        <ATTRIBUTE NAME ="Error Log File Name" VALUE ="PMError.log"/>
        <ATTRIBUTE NAME ="Log Source Row Data" VALUE ="NO"/>
        <ATTRIBUTE NAME ="Data Column Delimiter" VALUE ="|"/>
        <ATTRIBUTE NAME ="Partitioning Options" VALUE =""/>
        <ATTRIBUTE NAME ="Dynamic Partitioning" VALUE ="Disabled"/>
        <ATTRIBUTE NAME ="Number of Partitions" VALUE ="1"/>
        <ATTRIBUTE NAME ="Multiplication Factor" VALUE ="Auto"/>
        <ATTRIBUTE NAME ="Session on Grid" VALUE =""/>
        <ATTRIBUTE NAME ="Is Enabled" VALUE ="NO"/>
    </CONFIG>
    <WORKFLOW DESCRIPTION ="" ISENABLED ="YES" ISRUNNABLESERVICE ="NO" ISSERVICE ="NO" ISVALID ="YES" NAME ="wf_N_ROL_TRX_LINE_GL_DISTRI" REUSABLE_SCHEDULER ="NO" SCHEDULERNAME ="Scheduler" SUSPEND_ON_ERROR ="NO" TASKS_MUST_RUN_ON_SERVER ="NO" VERSIONNUMBER ="2">
        <SCHEDULER DESCRIPTION ="" NAME ="Scheduler" REUSABLE ="NO" VERSIONNUMBER ="2">
            <SCHEDULEINFO SCHEDULETYPE ="ONDEMAND"/>
        </SCHEDULER>
        <TASK DESCRIPTION ="" NAME ="Start" REUSABLE ="NO" TYPE ="Start" VERSIONNUMBER ="2"/>
        <SESSION DESCRIPTION ="" ISVALID ="YES" MAPPINGNAME ="m_N_ROL_TRX_LINE_GL_DISTRI" NAME ="s_m_N_ROL_TRX_LINE_GL_DISTRI" REUSABLE ="NO" SORTORDER ="Binary" VERSIONNUMBER ="2">
            <SESSTRANSFORMATIONINST ISREPARTITIONPOINT ="YES" PARTITIONTYPE ="PASS THROUGH" PIPELINE ="1" SINSTANCENAME ="N_ROL_TRX_LINE_GL_DISTRI" STAGE ="1" TRANSFORMATIONNAME ="N_ROL_TRX_LINE_GL_DISTRI" TRANSFORMATIONTYPE ="Target Definition">
                <ATTRIBUTE NAME ="Table Name Prefix" VALUE ="$$FINLGLDB"/>
                <ATTRIBUTE NAME ="Pre SQL" VALUE ="UPDATE NROL FROM  $$FINLGLDB_DV1.N_ROL_TRX_LINE_GL_DISTRI NROL,&#xD;&#xA; $$WORKDB.W_ROL_TRX_LINE_GL_DISTRI WROL&#xD;&#xA;  SET &#xD;&#xA;SK_TRX_DISTRI_ID_INT          =WROL.SK_TRX_DISTRI_ID_INT&#xD;&#xA;,SK_AE_HEADER_ID_INT           =WROL.SK_AE_HEADER_ID_INT&#xD;&#xA;,SK_AE_LINE_NUM_INT            =WROL.SK_AE_LINE_NUM_INT&#xD;&#xA;,SK_TRX_ID_INT                 =WROL.SK_TRX_ID_INT&#xD;&#xA;,AR_TRX_KEY                    =WROL.AR_TRX_KEY&#xD;&#xA;,AR_TRX_LINE_KEY               =WROL.AR_TRX_LINE_KEY&#xD;&#xA;,BILL_TO_CUST_PRTY_KEY         =WROL.BILL_TO_CUST_PRTY_KEY&#xD;&#xA;,GL_DT                         =WROL.GL_DT&#xD;&#xA;,BK_TRXL_ISO_CURR_CD           =WROL.BK_TRXL_ISO_CURR_CD&#xD;&#xA;,BK_FUNCTIONAL_ISO_CURR_CD     =WROL.BK_FUNCTIONAL_ISO_CURR_CD&#xD;&#xA;,ACCT_CLASS_CD                 =WROL.ACCT_CLASS_CD&#xD;&#xA;,SALES_ORDER_KEY               =WROL.SALES_ORDER_KEY&#xD;&#xA;,SALES_ORDER_LINE_KEY          =WROL.SALES_ORDER_LINE_KEY&#xD;&#xA;,PRDT_INVOICED_QTY             =WROL.PRDT_INVOICED_QTY&#xD;&#xA;,REV_DISTRI_TYPE_CD            =WROL.REV_DISTRI_TYPE_CD&#xD;&#xA;,GENERAL_LEDGER_ACCT_KEY       =WROL.GENERAL_LEDGER_ACCT_KEY&#xD;&#xA;,BK_COMPANY_CD                 =WROL.BK_COMPANY_CD&#xD;&#xA;,SET_OF_BOOKS_KEY              =WROL.SET_OF_BOOKS_KEY&#xD;&#xA;,SK_PREVIOUS_TRX_ID_INT        =WROL.SK_PREVIOUS_TRX_ID_INT&#xD;&#xA;,CREDIT_DEBIT_TYPE             =WROL.CREDIT_DEBIT_TYPE&#xD;&#xA;,GL_POSTED_DT                  =WROL.GL_POSTED_DT&#xD;&#xA;,PRODUCT_KEY                   =WROL.PRODUCT_KEY&#xD;&#xA;,BK_DEAL_ID                    =WROL.BK_DEAL_ID&#xD;&#xA;,MANUAL_REV_TRANSFER_TYPE_CD     =WROL.MANUAL_REV_TRANSFER_TYPE_CD&#xD;&#xA;,TRANSFER_GROUP_TYPE_CD        =WROL.TRANSFER_GROUP_TYPE_CD&#xD;&#xA;,SBSCRPTN_ITEM_CHANGE_ID_INT     =WROL.SBSCRPTN_ITEM_CHANGE_ID_INT&#xD;&#xA;,ELEMENT_TYPE_CD               =WROL.ELEMENT_TYPE_CD&#xD;&#xA;,BK_APPLICATION_ID_INT         =WROL.BK_APPLICATION_ID_INT&#xD;&#xA;,BILL_TO_ERP_CA_LOC_USE_KEY     =WROL.BILL_TO_ERP_CA_LOC_USE_KEY&#xD;&#xA;,TRX_SRC_CD                    =WROL.TRX_SRC_CD&#xD;&#xA;,OFFER_ATTRIBUTION_ID_INT      =WROL.OFFER_ATTRIBUTION_ID_INT&#xD;&#xA;,ATTRIBUTION_CD                =WROL.ATTRIBUTION_CD&#xD;&#xA;,BK_WEB_ORDER_ID               =WROL.BK_WEB_ORDER_ID&#xD;&#xA;,SS_CD                         =WROL.SS_CD&#xD;&#xA;,ADJUSTMENT_TYPE_CD            =WROL.ADJUSTMENT_TYPE_CD&#xD;&#xA;,RU_TRXL_CREDIT_AMT       =WROL.RU_TRXL_CREDIT_AMT&#xD;&#xA;,RU_FUNCTIONAL_CREDIT_AMT      =WROL.RU_FUNCTIONAL_CREDIT_AMT&#xD;&#xA;,RU_TRXL_DEBIT_AMT       =WROL.RU_TRXL_DEBIT_AMT&#xD;&#xA;,RU_FUNCTIONAL_DEBIT_AMT       =WROL.RU_FUNCTIONAL_DEBIT_AMT&#xD;&#xA;, EDW_UPDATE_DTM                =CURRENT_TIMESTAMP(0)                    &#xD;&#xA; , EDW_UPDATE_USER               =USER  &#xD;&#xA; WHERE &#xD;&#xA; NROL.ROL_TRX_LINE_GL_DISTRI_KEY = WROL.ROL_TRX_LINE_GL_DISTRI_KEY;"/>
                <ATTRIBUTE NAME ="Post SQL" VALUE ="CALL COLLECT_STATS_WRAP(&apos;$$FINLGLDB&apos;,&apos;N_ROL_TRX_LINE_GL_DISTRI&apos;,&apos;D&apos;);&#xD;&#xA;&#xD;&#xA;&#xD;&#xA;&#xD;&#xA;UPDATE NRT FROM  $$FINLGLDB_DV1.N_REVENUE_TRANSFER NRT,&#xD;&#xA;$$FINLGLVWDB.N_ROL_TRX_LINE_GL_DISTRI NRLD&#xD;&#xA;SET &#xD;&#xA;ROL_TRX_LINE_GL_DISTRI_KEY =NRLD.ROL_TRX_LINE_GL_DISTRI_KEY&#xD;&#xA;WHERE NRT.SK_TRX_DISTRI_ID_INT=NRLD.SK_TRX_DISTRI_ID_INT&#xD;&#xA;AND NRT.SK_TRX_DISTRI_ID_INT &lt;&gt; -999 AND NRLD.SK_TRX_DISTRI_ID_INT &lt;&gt;-999;"/>
            </SESSTRANSFORMATIONINST>
            <SESSTRANSFORMATIONINST ISREPARTITIONPOINT ="NO" PIPELINE ="0" SINSTANCENAME ="W_ROL_TRX_LINE_GL_DISTRI" STAGE ="0" TRANSFORMATIONNAME ="W_ROL_TRX_LINE_GL_DISTRI" TRANSFORMATIONTYPE ="Source Definition"/>
            <SESSTRANSFORMATIONINST ISREPARTITIONPOINT ="YES" PARTITIONTYPE ="PASS THROUGH" PIPELINE ="1" SINSTANCENAME ="SQ_W_ROL_TRX_LINE_GL_DISTRI" STAGE ="2" TRANSFORMATIONNAME ="SQ_W_ROL_TRX_LINE_GL_DISTRI" TRANSFORMATIONTYPE ="Source Qualifier"/>
            <CONFIGREFERENCE REFOBJECTNAME ="default_session_config" TYPE ="Session config">
                <ATTRIBUTE NAME ="Pre 85 Timestamp Compatibility" VALUE ="YES"/>
                <ATTRIBUTE NAME ="Save session log for these runs" VALUE ="5"/>
                <ATTRIBUTE NAME ="Stop on errors" VALUE ="1"/>
                <ATTRIBUTE NAME ="Override tracing" VALUE ="Normal"/>
            </CONFIGREFERENCE>
            <SESSIONEXTENSION NAME ="Relational Writer" SINSTANCENAME ="N_ROL_TRX_LINE_GL_DISTRI" SUBTYPE ="Relational Writer" TRANSFORMATIONTYPE ="Target Definition" TYPE ="WRITER">
                <CONNECTIONREFERENCE CNXREFNAME ="DB Connection" CONNECTIONNAME ="" CONNECTIONNUMBER ="1" CONNECTIONSUBTYPE ="" CONNECTIONTYPE ="Relational" VARIABLE ="$DBConnection_Target"/>
                <ATTRIBUTE NAME ="Target load type" VALUE ="Bulk"/>
                <ATTRIBUTE NAME ="Insert" VALUE ="YES"/>
                <ATTRIBUTE NAME ="Update as Update" VALUE ="NO"/>
                <ATTRIBUTE NAME ="Update as Insert" VALUE ="NO"/>
                <ATTRIBUTE NAME ="Update else Insert" VALUE ="NO"/>
                <ATTRIBUTE NAME ="Delete" VALUE ="NO"/>
                <ATTRIBUTE NAME ="Truncate target table option" VALUE ="NO"/>
                <ATTRIBUTE NAME ="Reject file directory" VALUE ="$PMRootDir/DATA/EDWTD_AR/reject"/>
                <ATTRIBUTE NAME ="Reject filename" VALUE ="n_rol_trx_line_gl_distri1.bad"/>
            </SESSIONEXTENSION>
            <SESSIONEXTENSION DSQINSTNAME ="SQ_W_ROL_TRX_LINE_GL_DISTRI" DSQINSTTYPE ="Source Qualifier" NAME ="Relational Reader" SINSTANCENAME ="W_ROL_TRX_LINE_GL_DISTRI" SUBTYPE ="Relational Reader" TRANSFORMATIONTYPE ="Source Definition" TYPE ="READER"/>
            <SESSIONEXTENSION NAME ="Relational Reader" SINSTANCENAME ="SQ_W_ROL_TRX_LINE_GL_DISTRI" SUBTYPE ="Relational Reader" TRANSFORMATIONTYPE ="Source Qualifier" TYPE ="READER">
                <CONNECTIONREFERENCE CNXREFNAME ="DB Connection" CONNECTIONNAME ="" CONNECTIONNUMBER ="1" CONNECTIONSUBTYPE ="" CONNECTIONTYPE ="Relational" VARIABLE ="$DBConnection_Source"/>
            </SESSIONEXTENSION>
            <ATTRIBUTE NAME ="General Options" VALUE =""/>
            <ATTRIBUTE NAME ="Write Backward Compatible Session Log File" VALUE ="NO"/>
            <ATTRIBUTE NAME ="Session Log File Name" VALUE ="s_m_N_ROL_TRX_LINE_GL_DISTRI.log"/>
            <ATTRIBUTE NAME ="Session Log File directory" VALUE ="$PMSessionLogDir&#x5c;"/>
            <ATTRIBUTE NAME ="Parameter Filename" VALUE ="$PMRootDir/ctrl/db.parm"/>
            <ATTRIBUTE NAME ="Enable Test Load" VALUE ="NO"/>
            <ATTRIBUTE NAME ="$Source connection value" VALUE =""/>
            <ATTRIBUTE NAME ="$Target connection value" VALUE =""/>
            <ATTRIBUTE NAME ="Treat source rows as" VALUE ="Insert"/>
            <ATTRIBUTE NAME ="Commit Type" VALUE ="Target"/>
            <ATTRIBUTE NAME ="Commit Interval" VALUE ="10000"/>
            <ATTRIBUTE NAME ="Commit On End Of File" VALUE ="YES"/>
            <ATTRIBUTE NAME ="Rollback Transactions on Errors" VALUE ="NO"/>
            <ATTRIBUTE NAME ="Recovery Strategy" VALUE ="Fail task and continue workflow"/>
            <ATTRIBUTE NAME ="Java Classpath" VALUE =""/>
            <ATTRIBUTE NAME ="Performance" VALUE =""/>
            <ATTRIBUTE NAME ="DTM buffer size" VALUE ="Auto"/>
            <ATTRIBUTE NAME ="Collect performance data" VALUE ="NO"/>
            <ATTRIBUTE NAME ="Write performance data to repository" VALUE ="NO"/>
            <ATTRIBUTE NAME ="Incremental Aggregation" VALUE ="NO"/>
            <ATTRIBUTE NAME ="Enable high precision" VALUE ="NO"/>
            <ATTRIBUTE NAME ="Session retry on deadlock" VALUE ="NO"/>
            <ATTRIBUTE NAME ="Pushdown Optimization" VALUE ="Full"/>
            <ATTRIBUTE NAME ="Allow Temporary View for Pushdown" VALUE ="NO"/>
            <ATTRIBUTE NAME ="Allow Temporary Sequence for Pushdown" VALUE ="NO"/>
            <ATTRIBUTE NAME ="Allow Pushdown for User Incompatible Connections" VALUE ="NO"/>
        </SESSION>
        <TASKINSTANCE DESCRIPTION ="" ISENABLED ="YES" NAME ="Start" REUSABLE ="NO" TASKNAME ="Start" TASKTYPE ="Start"/>
        <TASKINSTANCE DESCRIPTION ="" FAIL_PARENT_IF_INSTANCE_DID_NOT_RUN ="YES" FAIL_PARENT_IF_INSTANCE_FAILS ="YES" ISENABLED ="YES" NAME ="s_m_N_ROL_TRX_LINE_GL_DISTRI" REUSABLE ="NO" TASKNAME ="s_m_N_ROL_TRX_LINE_GL_DISTRI" TASKTYPE ="Session" TREAT_INPUTLINK_AS_AND ="YES"/>
        <WORKFLOWLINK CONDITION ="" FROMTASK ="Start" TOTASK ="s_m_N_ROL_TRX_LINE_GL_DISTRI"/>
        <WORKFLOWVARIABLE DATATYPE ="date/time" DEFAULTVALUE ="" DESCRIPTION ="The time this task started" ISNULL ="NO" ISPERSISTENT ="NO" NAME ="$Start.StartTime" USERDEFINED ="NO"/>
        <WORKFLOWVARIABLE DATATYPE ="date/time" DEFAULTVALUE ="" DESCRIPTION ="The time this task completed" ISNULL ="NO" ISPERSISTENT ="NO" NAME ="$Start.EndTime" USERDEFINED ="NO"/>
        <WORKFLOWVARIABLE DATATYPE ="integer" DEFAULTVALUE ="" DESCRIPTION ="Status of this task&apos;s execution" ISNULL ="NO" ISPERSISTENT ="NO" NAME ="$Start.Status" USERDEFINED ="NO"/>
        <WORKFLOWVARIABLE DATATYPE ="integer" DEFAULTVALUE ="" DESCRIPTION ="Status of the previous task that is not disabled" ISNULL ="NO" ISPERSISTENT ="NO" NAME ="$Start.PrevTaskStatus" USERDEFINED ="NO"/>
        <WORKFLOWVARIABLE DATATYPE ="integer" DEFAULTVALUE ="" DESCRIPTION ="Error code for this task&apos;s execution" ISNULL ="NO" ISPERSISTENT ="NO" NAME ="$Start.ErrorCode" USERDEFINED ="NO"/>
        <WORKFLOWVARIABLE DATATYPE ="string" DEFAULTVALUE ="" DESCRIPTION ="Error message for this task&apos;s execution" ISNULL ="NO" ISPERSISTENT ="NO" NAME ="$Start.ErrorMsg" USERDEFINED ="NO"/>
        <WORKFLOWVARIABLE DATATYPE ="date/time" DEFAULTVALUE ="" DESCRIPTION ="The time this task started" ISNULL ="NO" ISPERSISTENT ="NO" NAME ="$s_m_N_ROL_TRX_LINE_GL_DISTRI.StartTime" USERDEFINED ="NO"/>
        <WORKFLOWVARIABLE DATATYPE ="date/time" DEFAULTVALUE ="" DESCRIPTION ="The time this task completed" ISNULL ="NO" ISPERSISTENT ="NO" NAME ="$s_m_N_ROL_TRX_LINE_GL_DISTRI.EndTime" USERDEFINED ="NO"/>
        <WORKFLOWVARIABLE DATATYPE ="integer" DEFAULTVALUE ="" DESCRIPTION ="Status of this task&apos;s execution" ISNULL ="NO" ISPERSISTENT ="NO" NAME ="$s_m_N_ROL_TRX_LINE_GL_DISTRI.Status" USERDEFINED ="NO"/>
        <WORKFLOWVARIABLE DATATYPE ="integer" DEFAULTVALUE ="" DESCRIPTION ="Status of the previous task that is not disabled" ISNULL ="NO" ISPERSISTENT ="NO" NAME ="$s_m_N_ROL_TRX_LINE_GL_DISTRI.PrevTaskStatus" USERDEFINED ="NO"/>
        <WORKFLOWVARIABLE DATATYPE ="integer" DEFAULTVALUE ="" DESCRIPTION ="Error code for this task&apos;s execution" ISNULL ="NO" ISPERSISTENT ="NO" NAME ="$s_m_N_ROL_TRX_LINE_GL_DISTRI.ErrorCode" USERDEFINED ="NO"/>
        <WORKFLOWVARIABLE DATATYPE ="string" DEFAULTVALUE ="" DESCRIPTION ="Error message for this task&apos;s execution" ISNULL ="NO" ISPERSISTENT ="NO" NAME ="$s_m_N_ROL_TRX_LINE_GL_DISTRI.ErrorMsg" USERDEFINED ="NO"/>
        <WORKFLOWVARIABLE DATATYPE ="integer" DEFAULTVALUE ="" DESCRIPTION ="Rows successfully read" ISNULL ="NO" ISPERSISTENT ="NO" NAME ="$s_m_N_ROL_TRX_LINE_GL_DISTRI.SrcSuccessRows" USERDEFINED ="NO"/>
        <WORKFLOWVARIABLE DATATYPE ="integer" DEFAULTVALUE ="" DESCRIPTION ="Rows failed to read" ISNULL ="NO" ISPERSISTENT ="NO" NAME ="$s_m_N_ROL_TRX_LINE_GL_DISTRI.SrcFailedRows" USERDEFINED ="NO"/>
        <WORKFLOWVARIABLE DATATYPE ="integer" DEFAULTVALUE ="" DESCRIPTION ="Rows successfully loaded" ISNULL ="NO" ISPERSISTENT ="NO" NAME ="$s_m_N_ROL_TRX_LINE_GL_DISTRI.TgtSuccessRows" USERDEFINED ="NO"/>
        <WORKFLOWVARIABLE DATATYPE ="integer" DEFAULTVALUE ="" DESCRIPTION ="Rows failed to load" ISNULL ="NO" ISPERSISTENT ="NO" NAME ="$s_m_N_ROL_TRX_LINE_GL_DISTRI.TgtFailedRows" USERDEFINED ="NO"/>
        <WORKFLOWVARIABLE DATATYPE ="integer" DEFAULTVALUE ="" DESCRIPTION ="Total number of transformation errors" ISNULL ="NO" ISPERSISTENT ="NO" NAME ="$s_m_N_ROL_TRX_LINE_GL_DISTRI.TotalTransErrors" USERDEFINED ="NO"/>
        <WORKFLOWVARIABLE DATATYPE ="integer" DEFAULTVALUE ="" DESCRIPTION ="First error code" ISNULL ="NO" ISPERSISTENT ="NO" NAME ="$s_m_N_ROL_TRX_LINE_GL_DISTRI.FirstErrorCode" USERDEFINED ="NO"/>
        <WORKFLOWVARIABLE DATATYPE ="string" DEFAULTVALUE ="" DESCRIPTION ="First error message" ISNULL ="NO" ISPERSISTENT ="NO" NAME ="$s_m_N_ROL_TRX_LINE_GL_DISTRI.FirstErrorMsg" USERDEFINED ="NO"/>
        <ATTRIBUTE NAME ="Parameter Filename" VALUE =""/>
        <ATTRIBUTE NAME ="Write Backward Compatible Workflow Log File" VALUE ="NO"/>
        <ATTRIBUTE NAME ="Workflow Log File Name" VALUE ="wf_N_ROL_TRX_LINE_GL_DISTRI.log"/>
        <ATTRIBUTE NAME ="Workflow Log File Directory" VALUE ="$PMWorkflowLogDir&#x5c;"/>
        <ATTRIBUTE NAME ="Save Workflow log by" VALUE ="By runs"/>
        <ATTRIBUTE NAME ="Save workflow log for these runs" VALUE ="0"/>
        <ATTRIBUTE NAME ="Service Name" VALUE =""/>
        <ATTRIBUTE NAME ="Service Timeout" VALUE ="0"/>
        <ATTRIBUTE NAME ="Is Service Visible" VALUE ="NO"/>
        <ATTRIBUTE NAME ="Is Service Protected" VALUE ="NO"/>
        <ATTRIBUTE NAME ="Fail task after wait time" VALUE ="0"/>
        <ATTRIBUTE NAME ="Enable HA recovery" VALUE ="NO"/>
        <ATTRIBUTE NAME ="Automatically recover terminated tasks" VALUE ="NO"/>
        <ATTRIBUTE NAME ="Service Level Name" VALUE ="Default"/>
        <ATTRIBUTE NAME ="Allow concurrent run with unique run instance name" VALUE ="NO"/>
        <ATTRIBUTE NAME ="Allow concurrent run with same run instance name" VALUE ="NO"/>
        <ATTRIBUTE NAME ="Maximum number of concurrent runs" VALUE ="0"/>
        <ATTRIBUTE NAME ="Assigned Web Services Hubs" VALUE =""/>
        <ATTRIBUTE NAME ="Maximum number of concurrent runs per Hub" VALUE ="1000"/>
        <ATTRIBUTE NAME ="Expected Service Time" VALUE ="1"/>
    </WORKFLOW>
</FOLDER>
</REPOSITORY>
</POWERMART>