<?xml version="1.0" encoding="UTF-8"?>
<!DOCTYPE POWERMART SYSTEM "powrmart.dtd">
<POWERMART CREATION_DATE="09/15/2017 15:41:42" REPOSITORY_VERSION="184.93">
<REPOSITORY NAME="EDW_Prod_961" VERSION="184" CODEPAGE="UTF-8" DATABASETYPE="Oracle">
<FOLDER NAME="EDWTD_AR" GROUP="" OWNER="infoadm" SHARED="NOTSHARED" DESCRIPTION="EDW 2B Development Team
PM:gbhakta" PERMISSIONS="rwx---r--" UUID="73423456-2ce8-4f49-8c48-85e40dac346a">
    <SOURCE BUSINESSNAME ="" DATABASETYPE ="Teradata" DBDNAME ="TDDEV" DESCRIPTION ="" NAME ="W_REVENUE_TRANSFER" OBJECTVERSION ="1" OWNERNAME ="WORKDB_DV1" VERSIONNUMBER ="26">
        <SOURCEFIELD BUSINESSNAME ="" DATATYPE ="integer" DESCRIPTION ="" FIELDNUMBER ="1" FIELDPROPERTY ="0" FIELDTYPE ="ELEMITEM" HIDDEN ="NO" KEYTYPE ="PRIMARY KEY" LENGTH ="11" LEVEL ="0" NAME ="REVENUE_TRANSFER_KEY" NULLABLE ="NOTNULL" OCCURS ="0" OFFSET ="0" PHYSICALLENGTH ="10" PHYSICALOFFSET ="0" PICTURETEXT ="" PRECISION ="10" SCALE ="0" USAGE_FLAGS =""/>
        <SOURCEFIELD BUSINESSNAME ="" DATATYPE ="integer" DESCRIPTION ="" FIELDNUMBER ="2" FIELDPROPERTY ="0" FIELDTYPE ="ELEMITEM" HIDDEN ="NO" KEYTYPE ="NOT A KEY" LENGTH ="11" LEVEL ="0" NAME ="GENERAL_LEDGER_ACCOUNT_KEY" NULLABLE ="NOTNULL" OCCURS ="0" OFFSET ="11" PHYSICALLENGTH ="10" PHYSICALOFFSET ="10" PICTURETEXT ="" PRECISION ="10" SCALE ="0" USAGE_FLAGS =""/>
        <SOURCEFIELD BUSINESSNAME ="" DATATYPE ="char" DESCRIPTION ="" FIELDNUMBER ="3" FIELDPROPERTY ="0" FIELDTYPE ="ELEMITEM" HIDDEN ="NO" KEYTYPE ="NOT A KEY" LENGTH ="0" LEVEL ="0" NAME ="BK_COMPANY_CD" NULLABLE ="NOTNULL" OCCURS ="0" OFFSET ="22" PHYSICALLENGTH ="3" PHYSICALOFFSET ="20" PICTURETEXT ="" PRECISION ="3" SCALE ="0" USAGE_FLAGS =""/>
        <SOURCEFIELD BUSINESSNAME ="" DATATYPE ="integer" DESCRIPTION ="" FIELDNUMBER ="4" FIELDPROPERTY ="0" FIELDTYPE ="ELEMITEM" HIDDEN ="NO" KEYTYPE ="NOT A KEY" LENGTH ="11" LEVEL ="0" NAME ="SET_OF_BOOKS_KEY" NULLABLE ="NOTNULL" OCCURS ="0" OFFSET ="22" PHYSICALLENGTH ="10" PHYSICALOFFSET ="23" PICTURETEXT ="" PRECISION ="10" SCALE ="0" USAGE_FLAGS =""/>
        <SOURCEFIELD BUSINESSNAME ="" DATATYPE ="decimal" DESCRIPTION ="" FIELDNUMBER ="5" FIELDPROPERTY ="0" FIELDTYPE ="ELEMITEM" HIDDEN ="NO" KEYTYPE ="NOT A KEY" LENGTH ="20" LEVEL ="0" NAME ="AR_TRANSACTION_LINE_KEY" NULLABLE ="NOTNULL" OCCURS ="0" OFFSET ="33" PHYSICALLENGTH ="18" PHYSICALOFFSET ="33" PICTURETEXT ="" PRECISION ="18" SCALE ="0" USAGE_FLAGS =""/>
        <SOURCEFIELD BUSINESSNAME ="" DATATYPE ="char" DESCRIPTION ="" FIELDNUMBER ="6" FIELDPROPERTY ="0" FIELDTYPE ="ELEMITEM" HIDDEN ="NO" KEYTYPE ="NOT A KEY" LENGTH ="0" LEVEL ="0" NAME ="BK_ISO_CURRENCY_CD" NULLABLE ="NOTNULL" OCCURS ="0" OFFSET ="53" PHYSICALLENGTH ="3" PHYSICALOFFSET ="51" PICTURETEXT ="" PRECISION ="3" SCALE ="0" USAGE_FLAGS =""/>
        <SOURCEFIELD BUSINESSNAME ="" DATATYPE ="integer" DESCRIPTION ="" FIELDNUMBER ="7" FIELDPROPERTY ="0" FIELDTYPE ="ELEMITEM" HIDDEN ="NO" KEYTYPE ="NOT A KEY" LENGTH ="11" LEVEL ="0" NAME ="PRODUCT_KEY" NULLABLE ="NOTNULL" OCCURS ="0" OFFSET ="53" PHYSICALLENGTH ="10" PHYSICALOFFSET ="54" PICTURETEXT ="" PRECISION ="10" SCALE ="0" USAGE_FLAGS =""/>
        <SOURCEFIELD BUSINESSNAME ="" DATATYPE ="date" DESCRIPTION ="" FIELDNUMBER ="8" FIELDPROPERTY ="0" FIELDTYPE ="ELEMITEM" HIDDEN ="NO" KEYTYPE ="NOT A KEY" LENGTH ="19" LEVEL ="0" NAME ="GL_DT" NULLABLE ="NOTNULL" OCCURS ="0" OFFSET ="64" PHYSICALLENGTH ="10" PHYSICALOFFSET ="64" PICTURETEXT ="" PRECISION ="10" SCALE ="0" USAGE_FLAGS =""/>
        <SOURCEFIELD BUSINESSNAME ="" DATATYPE ="date" DESCRIPTION ="" FIELDNUMBER ="9" FIELDPROPERTY ="0" FIELDTYPE ="ELEMITEM" HIDDEN ="NO" KEYTYPE ="NOT A KEY" LENGTH ="19" LEVEL ="0" NAME ="GL_POSTED_DT" NULLABLE ="NOTNULL" OCCURS ="0" OFFSET ="83" PHYSICALLENGTH ="10" PHYSICALOFFSET ="74" PICTURETEXT ="" PRECISION ="10" SCALE ="0" USAGE_FLAGS =""/>
        <SOURCEFIELD BUSINESSNAME ="" DATATYPE ="char" DESCRIPTION ="" FIELDNUMBER ="10" FIELDPROPERTY ="0" FIELDTYPE ="ELEMITEM" HIDDEN ="NO" KEYTYPE ="NOT A KEY" LENGTH ="0" LEVEL ="0" NAME ="TRANSFER_GROUP_TYPE_CD" NULLABLE ="NOTNULL" OCCURS ="0" OFFSET ="102" PHYSICALLENGTH ="8" PHYSICALOFFSET ="84" PICTURETEXT ="" PRECISION ="8" SCALE ="0" USAGE_FLAGS =""/>
        <SOURCEFIELD BUSINESSNAME ="" DATATYPE ="date" DESCRIPTION ="" FIELDNUMBER ="11" FIELDPROPERTY ="0" FIELDTYPE ="ELEMITEM" HIDDEN ="NO" KEYTYPE ="NOT A KEY" LENGTH ="19" LEVEL ="0" NAME ="TRX_FUNCTIONAL_CURR_CONV_DT" NULLABLE ="NULL" OCCURS ="0" OFFSET ="102" PHYSICALLENGTH ="10" PHYSICALOFFSET ="92" PICTURETEXT ="" PRECISION ="10" SCALE ="0" USAGE_FLAGS =""/>
        <SOURCEFIELD BUSINESSNAME ="" DATATYPE ="varchar" DESCRIPTION ="" FIELDNUMBER ="12" FIELDPROPERTY ="0" FIELDTYPE ="ELEMITEM" HIDDEN ="NO" KEYTYPE ="NOT A KEY" LENGTH ="0" LEVEL ="0" NAME ="ACCOUNT_CLASS_CD" NULLABLE ="NOTNULL" OCCURS ="0" OFFSET ="121" PHYSICALLENGTH ="50" PHYSICALOFFSET ="102" PICTURETEXT ="" PRECISION ="50" SCALE ="0" USAGE_FLAGS =""/>
        <SOURCEFIELD BUSINESSNAME ="" DATATYPE ="varchar" DESCRIPTION ="" FIELDNUMBER ="13" FIELDPROPERTY ="0" FIELDTYPE ="ELEMITEM" HIDDEN ="NO" KEYTYPE ="NOT A KEY" LENGTH ="0" LEVEL ="0" NAME ="RTE_DEAL_ID" NULLABLE ="NOTNULL" OCCURS ="0" OFFSET ="121" PHYSICALLENGTH ="50" PHYSICALOFFSET ="152" PICTURETEXT ="" PRECISION ="50" SCALE ="0" USAGE_FLAGS =""/>
        <SOURCEFIELD BUSINESSNAME ="" DATATYPE ="char" DESCRIPTION ="" FIELDNUMBER ="14" FIELDPROPERTY ="0" FIELDTYPE ="ELEMITEM" HIDDEN ="NO" KEYTYPE ="NOT A KEY" LENGTH ="0" LEVEL ="0" NAME ="RTE_SOURCE_TYPE" NULLABLE ="NOTNULL" OCCURS ="0" OFFSET ="121" PHYSICALLENGTH ="8" PHYSICALOFFSET ="202" PICTURETEXT ="" PRECISION ="8" SCALE ="0" USAGE_FLAGS =""/>
        <SOURCEFIELD BUSINESSNAME ="" DATATYPE ="decimal" DESCRIPTION ="" FIELDNUMBER ="15" FIELDPROPERTY ="0" FIELDTYPE ="ELEMITEM" HIDDEN ="NO" KEYTYPE ="NOT A KEY" LENGTH ="28" LEVEL ="0" NAME ="RU_REV_TRNSFR_FNCTNL_CRDT_AMT" NULLABLE ="NULL" OCCURS ="0" OFFSET ="121" PHYSICALLENGTH ="26" PHYSICALOFFSET ="210" PICTURETEXT ="" PRECISION ="26" SCALE ="7" USAGE_FLAGS =""/>
        <SOURCEFIELD BUSINESSNAME ="" DATATYPE ="decimal" DESCRIPTION ="" FIELDNUMBER ="16" FIELDPROPERTY ="0" FIELDTYPE ="ELEMITEM" HIDDEN ="NO" KEYTYPE ="NOT A KEY" LENGTH ="28" LEVEL ="0" NAME ="RU_REV_TRNSFR_TRXNL_CRDT_AMT" NULLABLE ="NULL" OCCURS ="0" OFFSET ="149" PHYSICALLENGTH ="26" PHYSICALOFFSET ="236" PICTURETEXT ="" PRECISION ="26" SCALE ="7" USAGE_FLAGS =""/>
        <SOURCEFIELD BUSINESSNAME ="" DATATYPE ="varchar" DESCRIPTION ="" FIELDNUMBER ="17" FIELDPROPERTY ="0" FIELDTYPE ="ELEMITEM" HIDDEN ="NO" KEYTYPE ="NOT A KEY" LENGTH ="0" LEVEL ="0" NAME ="RU_ACCOUNTING_RULE_NAME" NULLABLE ="NOTNULL" OCCURS ="0" OFFSET ="177" PHYSICALLENGTH ="30" PHYSICALOFFSET ="262" PICTURETEXT ="" PRECISION ="30" SCALE ="0" USAGE_FLAGS =""/>
        <SOURCEFIELD BUSINESSNAME ="" DATATYPE ="date" DESCRIPTION ="" FIELDNUMBER ="18" FIELDPROPERTY ="0" FIELDTYPE ="ELEMITEM" HIDDEN ="NO" KEYTYPE ="NOT A KEY" LENGTH ="19" LEVEL ="0" NAME ="RU_ACCOUNTING_RULE_START_DT" NULLABLE ="NOTNULL" OCCURS ="0" OFFSET ="177" PHYSICALLENGTH ="10" PHYSICALOFFSET ="292" PICTURETEXT ="" PRECISION ="10" SCALE ="0" USAGE_FLAGS =""/>
        <SOURCEFIELD BUSINESSNAME ="" DATATYPE ="date" DESCRIPTION ="" FIELDNUMBER ="19" FIELDPROPERTY ="0" FIELDTYPE ="ELEMITEM" HIDDEN ="NO" KEYTYPE ="NOT A KEY" LENGTH ="19" LEVEL ="0" NAME ="RU_ACCOUNTING_RULE_END_DT" NULLABLE ="NOTNULL" OCCURS ="0" OFFSET ="196" PHYSICALLENGTH ="10" PHYSICALOFFSET ="302" PICTURETEXT ="" PRECISION ="10" SCALE ="0" USAGE_FLAGS =""/>
        <SOURCEFIELD BUSINESSNAME ="" DATATYPE ="integer" DESCRIPTION ="" FIELDNUMBER ="20" FIELDPROPERTY ="0" FIELDTYPE ="ELEMITEM" HIDDEN ="NO" KEYTYPE ="NOT A KEY" LENGTH ="11" LEVEL ="0" NAME ="RU_ACCOUNTING_RULE_DRTN_CNT" NULLABLE ="NOTNULL" OCCURS ="0" OFFSET ="215" PHYSICALLENGTH ="10" PHYSICALOFFSET ="312" PICTURETEXT ="" PRECISION ="10" SCALE ="0" USAGE_FLAGS =""/>
        <SOURCEFIELD BUSINESSNAME ="" DATATYPE ="varchar" DESCRIPTION ="" FIELDNUMBER ="21" FIELDPROPERTY ="0" FIELDTYPE ="ELEMITEM" HIDDEN ="NO" KEYTYPE ="NOT A KEY" LENGTH ="0" LEVEL ="0" NAME ="RU_RTE_CONTRACT_NUM" NULLABLE ="NULL" OCCURS ="0" OFFSET ="226" PHYSICALLENGTH ="50" PHYSICALOFFSET ="322" PICTURETEXT ="" PRECISION ="50" SCALE ="0" USAGE_FLAGS =""/>
        <SOURCEFIELD BUSINESSNAME ="" DATATYPE ="char" DESCRIPTION ="" FIELDNUMBER ="22" FIELDPROPERTY ="0" FIELDTYPE ="ELEMITEM" HIDDEN ="NO" KEYTYPE ="NOT A KEY" LENGTH ="0" LEVEL ="0" NAME ="DEBIT_CREDIT_TYPE" NULLABLE ="NOTNULL" OCCURS ="0" OFFSET ="226" PHYSICALLENGTH ="6" PHYSICALOFFSET ="372" PICTURETEXT ="" PRECISION ="6" SCALE ="0" USAGE_FLAGS =""/>
        <SOURCEFIELD BUSINESSNAME ="" DATATYPE ="char" DESCRIPTION ="" FIELDNUMBER ="23" FIELDPROPERTY ="0" FIELDTYPE ="ELEMITEM" HIDDEN ="NO" KEYTYPE ="NOT A KEY" LENGTH ="0" LEVEL ="0" NAME ="RU_MANUAL_REV_TRANSFER_TYPE_CD" NULLABLE ="NOTNULL" OCCURS ="0" OFFSET ="226" PHYSICALLENGTH ="8" PHYSICALOFFSET ="378" PICTURETEXT ="" PRECISION ="8" SCALE ="0" USAGE_FLAGS =""/>
        <SOURCEFIELD BUSINESSNAME ="" DATATYPE ="integer" DESCRIPTION ="" FIELDNUMBER ="24" FIELDPROPERTY ="0" FIELDTYPE ="ELEMITEM" HIDDEN ="NO" KEYTYPE ="NOT A KEY" LENGTH ="11" LEVEL ="0" NAME ="RU_SALES_ORDER_LINE_KEY" NULLABLE ="NOTNULL" OCCURS ="0" OFFSET ="226" PHYSICALLENGTH ="10" PHYSICALOFFSET ="386" PICTURETEXT ="" PRECISION ="10" SCALE ="0" USAGE_FLAGS =""/>
        <SOURCEFIELD BUSINESSNAME ="" DATATYPE ="decimal" DESCRIPTION ="" FIELDNUMBER ="25" FIELDPROPERTY ="0" FIELDTYPE ="ELEMITEM" HIDDEN ="NO" KEYTYPE ="NOT A KEY" LENGTH ="28" LEVEL ="0" NAME ="RU_REV_TRNSFR_FNCTNL_DEBIT_AMT" NULLABLE ="NULL" OCCURS ="0" OFFSET ="237" PHYSICALLENGTH ="26" PHYSICALOFFSET ="396" PICTURETEXT ="" PRECISION ="26" SCALE ="7" USAGE_FLAGS =""/>
        <SOURCEFIELD BUSINESSNAME ="" DATATYPE ="decimal" DESCRIPTION ="" FIELDNUMBER ="26" FIELDPROPERTY ="0" FIELDTYPE ="ELEMITEM" HIDDEN ="NO" KEYTYPE ="NOT A KEY" LENGTH ="28" LEVEL ="0" NAME ="RU_REV_TRNSFR_TRXNL_DEBIT_AMT" NULLABLE ="NULL" OCCURS ="0" OFFSET ="265" PHYSICALLENGTH ="26" PHYSICALOFFSET ="422" PICTURETEXT ="" PRECISION ="26" SCALE ="7" USAGE_FLAGS =""/>
        <SOURCEFIELD BUSINESSNAME ="" DATATYPE ="integer" DESCRIPTION ="" FIELDNUMBER ="27" FIELDPROPERTY ="0" FIELDTYPE ="ELEMITEM" HIDDEN ="NO" KEYTYPE ="NOT A KEY" LENGTH ="11" LEVEL ="0" NAME ="EP_TRANSACTION_ID_INT" NULLABLE ="NOTNULL" OCCURS ="0" OFFSET ="293" PHYSICALLENGTH ="10" PHYSICALOFFSET ="448" PICTURETEXT ="" PRECISION ="10" SCALE ="0" USAGE_FLAGS =""/>
        <SOURCEFIELD BUSINESSNAME ="" DATATYPE ="integer" DESCRIPTION ="" FIELDNUMBER ="28" FIELDPROPERTY ="0" FIELDTYPE ="ELEMITEM" HIDDEN ="NO" KEYTYPE ="NOT A KEY" LENGTH ="11" LEVEL ="0" NAME ="SK_AE_HEADER_ID_INT" NULLABLE ="NOTNULL" OCCURS ="0" OFFSET ="304" PHYSICALLENGTH ="10" PHYSICALOFFSET ="458" PICTURETEXT ="" PRECISION ="10" SCALE ="0" USAGE_FLAGS =""/>
        <SOURCEFIELD BUSINESSNAME ="" DATATYPE ="integer" DESCRIPTION ="" FIELDNUMBER ="29" FIELDPROPERTY ="0" FIELDTYPE ="ELEMITEM" HIDDEN ="NO" KEYTYPE ="NOT A KEY" LENGTH ="11" LEVEL ="0" NAME ="SK_AE_LINE_NUMBER_INT" NULLABLE ="NOTNULL" OCCURS ="0" OFFSET ="315" PHYSICALLENGTH ="10" PHYSICALOFFSET ="468" PICTURETEXT ="" PRECISION ="10" SCALE ="0" USAGE_FLAGS =""/>
        <SOURCEFIELD BUSINESSNAME ="" DATATYPE ="varchar" DESCRIPTION ="" FIELDNUMBER ="30" FIELDPROPERTY ="0" FIELDTYPE ="ELEMITEM" HIDDEN ="NO" KEYTYPE ="NOT A KEY" LENGTH ="0" LEVEL ="0" NAME ="ELEMENT_TYPE_CD" NULLABLE ="NOTNULL" OCCURS ="0" OFFSET ="326" PHYSICALLENGTH ="40" PHYSICALOFFSET ="478" PICTURETEXT ="" PRECISION ="40" SCALE ="0" USAGE_FLAGS =""/>
        <SOURCEFIELD BUSINESSNAME ="" DATATYPE ="timestamp" DESCRIPTION ="" FIELDNUMBER ="31" FIELDPROPERTY ="0" FIELDTYPE ="ELEMITEM" HIDDEN ="NO" KEYTYPE ="NOT A KEY" LENGTH ="19" LEVEL ="0" NAME ="EDW_CREATE_DTM" NULLABLE ="NOTNULL" OCCURS ="0" OFFSET ="326" PHYSICALLENGTH ="19" PHYSICALOFFSET ="518" PICTURETEXT ="" PRECISION ="19" SCALE ="0" USAGE_FLAGS =""/>
        <SOURCEFIELD BUSINESSNAME ="" DATATYPE ="char" DESCRIPTION ="" FIELDNUMBER ="32" FIELDPROPERTY ="0" FIELDTYPE ="ELEMITEM" HIDDEN ="NO" KEYTYPE ="NOT A KEY" LENGTH ="0" LEVEL ="0" NAME ="EDW_CREATE_USER" NULLABLE ="NOTNULL" OCCURS ="0" OFFSET ="345" PHYSICALLENGTH ="30" PHYSICALOFFSET ="537" PICTURETEXT ="" PRECISION ="30" SCALE ="0" USAGE_FLAGS =""/>
        <SOURCEFIELD BUSINESSNAME ="" DATATYPE ="timestamp" DESCRIPTION ="" FIELDNUMBER ="33" FIELDPROPERTY ="0" FIELDTYPE ="ELEMITEM" HIDDEN ="NO" KEYTYPE ="NOT A KEY" LENGTH ="19" LEVEL ="0" NAME ="EDW_UPDATE_DTM" NULLABLE ="NOTNULL" OCCURS ="0" OFFSET ="345" PHYSICALLENGTH ="19" PHYSICALOFFSET ="567" PICTURETEXT ="" PRECISION ="19" SCALE ="0" USAGE_FLAGS =""/>
        <SOURCEFIELD BUSINESSNAME ="" DATATYPE ="char" DESCRIPTION ="" FIELDNUMBER ="34" FIELDPROPERTY ="0" FIELDTYPE ="ELEMITEM" HIDDEN ="NO" KEYTYPE ="NOT A KEY" LENGTH ="0" LEVEL ="0" NAME ="EDW_UPDATE_USER" NULLABLE ="NOTNULL" OCCURS ="0" OFFSET ="364" PHYSICALLENGTH ="30" PHYSICALOFFSET ="586" PICTURETEXT ="" PRECISION ="30" SCALE ="0" USAGE_FLAGS =""/>
        <SOURCEFIELD BUSINESSNAME ="" DATATYPE ="integer" DESCRIPTION ="" FIELDNUMBER ="35" FIELDPROPERTY ="0" FIELDTYPE ="ELEMITEM" HIDDEN ="NO" KEYTYPE ="NOT A KEY" LENGTH ="11" LEVEL ="0" NAME ="OFFER_ATTRBTN_ID_INT" NULLABLE ="NULL" OCCURS ="0" OFFSET ="364" PHYSICALLENGTH ="10" PHYSICALOFFSET ="616" PICTURETEXT ="" PRECISION ="10" SCALE ="0" USAGE_FLAGS =""/>
        <SOURCEFIELD BUSINESSNAME ="" DATATYPE ="char" DESCRIPTION ="" FIELDNUMBER ="36" FIELDPROPERTY ="0" FIELDTYPE ="ELEMITEM" HIDDEN ="NO" KEYTYPE ="NOT A KEY" LENGTH ="0" LEVEL ="0" NAME ="ATTRBTN_SS_CD" NULLABLE ="NULL" OCCURS ="0" OFFSET ="375" PHYSICALLENGTH ="8" PHYSICALOFFSET ="626" PICTURETEXT ="" PRECISION ="8" SCALE ="0" USAGE_FLAGS =""/>
        <SOURCEFIELD BUSINESSNAME ="" DATATYPE ="integer" DESCRIPTION ="" FIELDNUMBER ="37" FIELDPROPERTY ="0" FIELDTYPE ="ELEMITEM" HIDDEN ="NO" KEYTYPE ="NOT A KEY" LENGTH ="11" LEVEL ="0" NAME ="DV_ATTRBTN_PRNT_SLSORD_LN_KEY" NULLABLE ="NOTNULL" OCCURS ="0" OFFSET ="375" PHYSICALLENGTH ="10" PHYSICALOFFSET ="634" PICTURETEXT ="" PRECISION ="10" SCALE ="0" USAGE_FLAGS =""/>
        <SOURCEFIELD BUSINESSNAME ="" DATATYPE ="char" DESCRIPTION ="" FIELDNUMBER ="38" FIELDPROPERTY ="0" FIELDTYPE ="ELEMITEM" HIDDEN ="NO" KEYTYPE ="NOT A KEY" LENGTH ="0" LEVEL ="0" NAME ="ATTRBTN_CD" NULLABLE ="NOTNULL" OCCURS ="0" OFFSET ="386" PHYSICALLENGTH ="12" PHYSICALOFFSET ="644" PICTURETEXT ="" PRECISION ="12" SCALE ="0" USAGE_FLAGS =""/>
        <SOURCEFIELD BUSINESSNAME ="" DATATYPE ="varchar" DESCRIPTION ="" FIELDNUMBER ="39" FIELDPROPERTY ="0" FIELDTYPE ="ELEMITEM" HIDDEN ="NO" KEYTYPE ="NOT A KEY" LENGTH ="0" LEVEL ="0" NAME ="TRANSACTION_SOURCE_CD" NULLABLE ="NOTNULL" OCCURS ="0" OFFSET ="386" PHYSICALLENGTH ="8" PHYSICALOFFSET ="656" PICTURETEXT ="" PRECISION ="8" SCALE ="0" USAGE_FLAGS =""/>
        <SOURCEFIELD BUSINESSNAME ="" DATATYPE ="varchar" DESCRIPTION ="" FIELDNUMBER ="40" FIELDPROPERTY ="0" FIELDTYPE ="ELEMITEM" HIDDEN ="NO" KEYTYPE ="NOT A KEY" LENGTH ="0" LEVEL ="0" NAME ="BK_WEB_ORDER_ID" NULLABLE ="NOTNULL" OCCURS ="0" OFFSET ="386" PHYSICALLENGTH ="30" PHYSICALOFFSET ="664" PICTURETEXT ="" PRECISION ="30" SCALE ="0" USAGE_FLAGS =""/>
        <SOURCEFIELD BUSINESSNAME ="" DATATYPE ="integer" DESCRIPTION ="" FIELDNUMBER ="41" FIELDPROPERTY ="0" FIELDTYPE ="ELEMITEM" HIDDEN ="NO" KEYTYPE ="NOT A KEY" LENGTH ="11" LEVEL ="0" NAME ="SUBSCRIPTION_ITEM_CHANGE_ID_INT" NULLABLE ="NOTNULL" OCCURS ="0" OFFSET ="386" PHYSICALLENGTH ="10" PHYSICALOFFSET ="694" PICTURETEXT ="" PRECISION ="10" SCALE ="0" USAGE_FLAGS =""/>
        <SOURCEFIELD BUSINESSNAME ="" DATATYPE ="timestamp" DESCRIPTION ="" FIELDNUMBER ="42" FIELDPROPERTY ="0" FIELDTYPE ="ELEMITEM" HIDDEN ="NO" KEYTYPE ="NOT A KEY" LENGTH ="19" LEVEL ="0" NAME ="SALES_AGENT_ACTIVE_DTM" NULLABLE ="NULL" OCCURS ="0" OFFSET ="397" PHYSICALLENGTH ="19" PHYSICALOFFSET ="704" PICTURETEXT ="" PRECISION ="19" SCALE ="0" USAGE_FLAGS =""/>
        <SOURCEFIELD BUSINESSNAME ="" DATATYPE ="char" DESCRIPTION ="" FIELDNUMBER ="43" FIELDPROPERTY ="0" FIELDTYPE ="ELEMITEM" HIDDEN ="NO" KEYTYPE ="NOT A KEY" LENGTH ="0" LEVEL ="0" NAME ="ACTION_CODE" NULLABLE ="NULL" OCCURS ="0" OFFSET ="416" PHYSICALLENGTH ="1" PHYSICALOFFSET ="723" PICTURETEXT ="" PRECISION ="1" SCALE ="0" USAGE_FLAGS =""/>
        <SOURCEFIELD BUSINESSNAME ="" DATATYPE ="char" DESCRIPTION ="" FIELDNUMBER ="44" FIELDPROPERTY ="0" FIELDTYPE ="ELEMITEM" HIDDEN ="NO" KEYTYPE ="NOT A KEY" LENGTH ="0" LEVEL ="0" NAME ="DML_TYPE" NULLABLE ="NOTNULL" OCCURS ="0" OFFSET ="416" PHYSICALLENGTH ="1" PHYSICALOFFSET ="724" PICTURETEXT ="" PRECISION ="1" SCALE ="0" USAGE_FLAGS =""/>
    </SOURCE>
    <TARGET BUSINESSNAME ="" CONSTRAINT ="" DATABASETYPE ="Teradata" DESCRIPTION ="" NAME ="N_REVENUE_TRANSFER" OBJECTVERSION ="1" TABLEOPTIONS ="" VERSIONNUMBER ="11">
        <TARGETFIELD BUSINESSNAME ="" DATATYPE ="integer" DESCRIPTION ="" FIELDNUMBER ="1" KEYTYPE ="PRIMARY KEY" NAME ="REVENUE_TRANSFER_KEY" NULLABLE ="NOTNULL" PICTURETEXT ="" PRECISION ="10" SCALE ="0"/>
        <TARGETFIELD BUSINESSNAME ="" DATATYPE ="integer" DESCRIPTION ="" FIELDNUMBER ="2" KEYTYPE ="NOT A KEY" NAME ="GENERAL_LEDGER_ACCOUNT_KEY" NULLABLE ="NOTNULL" PICTURETEXT ="" PRECISION ="10" SCALE ="0"/>
        <TARGETFIELD BUSINESSNAME ="" DATATYPE ="char" DESCRIPTION ="" FIELDNUMBER ="3" KEYTYPE ="NOT A KEY" NAME ="BK_COMPANY_CD" NULLABLE ="NOTNULL" PICTURETEXT ="" PRECISION ="3" SCALE ="0"/>
        <TARGETFIELD BUSINESSNAME ="" DATATYPE ="integer" DESCRIPTION ="" FIELDNUMBER ="4" KEYTYPE ="NOT A KEY" NAME ="SET_OF_BOOKS_KEY" NULLABLE ="NOTNULL" PICTURETEXT ="" PRECISION ="10" SCALE ="0"/>
        <TARGETFIELD BUSINESSNAME ="" DATATYPE ="decimal" DESCRIPTION ="" FIELDNUMBER ="5" KEYTYPE ="NOT A KEY" NAME ="AR_TRANSACTION_LINE_KEY" NULLABLE ="NOTNULL" PICTURETEXT ="" PRECISION ="18" SCALE ="0"/>
        <TARGETFIELD BUSINESSNAME ="" DATATYPE ="char" DESCRIPTION ="" FIELDNUMBER ="6" KEYTYPE ="NOT A KEY" NAME ="BK_ISO_CURRENCY_CD" NULLABLE ="NOTNULL" PICTURETEXT ="" PRECISION ="3" SCALE ="0"/>
        <TARGETFIELD BUSINESSNAME ="" DATATYPE ="integer" DESCRIPTION ="" FIELDNUMBER ="7" KEYTYPE ="NOT A KEY" NAME ="PRODUCT_KEY" NULLABLE ="NOTNULL" PICTURETEXT ="" PRECISION ="10" SCALE ="0"/>
        <TARGETFIELD BUSINESSNAME ="" DATATYPE ="date" DESCRIPTION ="" FIELDNUMBER ="8" KEYTYPE ="NOT A KEY" NAME ="GL_DT" NULLABLE ="NOTNULL" PICTURETEXT ="" PRECISION ="10" SCALE ="0"/>
        <TARGETFIELD BUSINESSNAME ="" DATATYPE ="date" DESCRIPTION ="" FIELDNUMBER ="9" KEYTYPE ="NOT A KEY" NAME ="GL_POSTED_DT" NULLABLE ="NOTNULL" PICTURETEXT ="" PRECISION ="10" SCALE ="0"/>
        <TARGETFIELD BUSINESSNAME ="" DATATYPE ="char" DESCRIPTION ="" FIELDNUMBER ="10" KEYTYPE ="NOT A KEY" NAME ="TRANSFER_GROUP_TYPE_CD" NULLABLE ="NOTNULL" PICTURETEXT ="" PRECISION ="8" SCALE ="0"/>
        <TARGETFIELD BUSINESSNAME ="" DATATYPE ="date" DESCRIPTION ="" FIELDNUMBER ="11" KEYTYPE ="NOT A KEY" NAME ="TRX_FUNCTIONAL_CURR_CONV_DT" NULLABLE ="NULL" PICTURETEXT ="" PRECISION ="10" SCALE ="0"/>
        <TARGETFIELD BUSINESSNAME ="" DATATYPE ="varchar" DESCRIPTION ="" FIELDNUMBER ="12" KEYTYPE ="NOT A KEY" NAME ="ACCOUNT_CLASS_CD" NULLABLE ="NOTNULL" PICTURETEXT ="" PRECISION ="50" SCALE ="0"/>
        <TARGETFIELD BUSINESSNAME ="" DATATYPE ="varchar" DESCRIPTION ="" FIELDNUMBER ="13" KEYTYPE ="NOT A KEY" NAME ="RTE_DEAL_ID" NULLABLE ="NOTNULL" PICTURETEXT ="" PRECISION ="50" SCALE ="0"/>
        <TARGETFIELD BUSINESSNAME ="" DATATYPE ="char" DESCRIPTION ="" FIELDNUMBER ="14" KEYTYPE ="NOT A KEY" NAME ="RTE_SOURCE_TYPE" NULLABLE ="NOTNULL" PICTURETEXT ="" PRECISION ="8" SCALE ="0"/>
        <TARGETFIELD BUSINESSNAME ="" DATATYPE ="decimal" DESCRIPTION ="" FIELDNUMBER ="15" KEYTYPE ="NOT A KEY" NAME ="RU_REV_TRNSFR_FNCTNL_CRDT_AMT" NULLABLE ="NULL" PICTURETEXT ="" PRECISION ="26" SCALE ="7"/>
        <TARGETFIELD BUSINESSNAME ="" DATATYPE ="decimal" DESCRIPTION ="" FIELDNUMBER ="16" KEYTYPE ="NOT A KEY" NAME ="RU_REV_TRNSFR_TRXNL_CRDT_AMT" NULLABLE ="NULL" PICTURETEXT ="" PRECISION ="26" SCALE ="7"/>
        <TARGETFIELD BUSINESSNAME ="" DATATYPE ="varchar" DESCRIPTION ="" FIELDNUMBER ="17" KEYTYPE ="NOT A KEY" NAME ="RU_ACCOUNTING_RULE_NAME" NULLABLE ="NOTNULL" PICTURETEXT ="" PRECISION ="30" SCALE ="0"/>
        <TARGETFIELD BUSINESSNAME ="" DATATYPE ="date" DESCRIPTION ="" FIELDNUMBER ="18" KEYTYPE ="NOT A KEY" NAME ="RU_ACCOUNTING_RULE_START_DT" NULLABLE ="NOTNULL" PICTURETEXT ="" PRECISION ="10" SCALE ="0"/>
        <TARGETFIELD BUSINESSNAME ="" DATATYPE ="date" DESCRIPTION ="" FIELDNUMBER ="19" KEYTYPE ="NOT A KEY" NAME ="RU_ACCOUNTING_RULE_END_DT" NULLABLE ="NOTNULL" PICTURETEXT ="" PRECISION ="10" SCALE ="0"/>
        <TARGETFIELD BUSINESSNAME ="" DATATYPE ="integer" DESCRIPTION ="" FIELDNUMBER ="20" KEYTYPE ="NOT A KEY" NAME ="RU_ACCOUNTING_RULE_DRTN_CNT" NULLABLE ="NOTNULL" PICTURETEXT ="" PRECISION ="10" SCALE ="0"/>
        <TARGETFIELD BUSINESSNAME ="" DATATYPE ="varchar" DESCRIPTION ="" FIELDNUMBER ="21" KEYTYPE ="NOT A KEY" NAME ="RU_RTE_CONTRACT_NUM" NULLABLE ="NULL" PICTURETEXT ="" PRECISION ="50" SCALE ="0"/>
        <TARGETFIELD BUSINESSNAME ="" DATATYPE ="char" DESCRIPTION ="" FIELDNUMBER ="22" KEYTYPE ="NOT A KEY" NAME ="DEBIT_CREDIT_TYPE" NULLABLE ="NOTNULL" PICTURETEXT ="" PRECISION ="6" SCALE ="0"/>
        <TARGETFIELD BUSINESSNAME ="" DATATYPE ="char" DESCRIPTION ="" FIELDNUMBER ="23" KEYTYPE ="NOT A KEY" NAME ="RU_MANUAL_REV_TRANSFER_TYPE_CD" NULLABLE ="NOTNULL" PICTURETEXT ="" PRECISION ="8" SCALE ="0"/>
        <TARGETFIELD BUSINESSNAME ="" DATATYPE ="integer" DESCRIPTION ="" FIELDNUMBER ="24" KEYTYPE ="NOT A KEY" NAME ="RU_SALES_ORDER_LINE_KEY" NULLABLE ="NOTNULL" PICTURETEXT ="" PRECISION ="10" SCALE ="0"/>
        <TARGETFIELD BUSINESSNAME ="" DATATYPE ="decimal" DESCRIPTION ="" FIELDNUMBER ="25" KEYTYPE ="NOT A KEY" NAME ="RU_REV_TRNSFR_FNCTNL_DEBIT_AMT" NULLABLE ="NULL" PICTURETEXT ="" PRECISION ="26" SCALE ="7"/>
        <TARGETFIELD BUSINESSNAME ="" DATATYPE ="decimal" DESCRIPTION ="" FIELDNUMBER ="26" KEYTYPE ="NOT A KEY" NAME ="RU_REV_TRNSFR_TRXNL_DEBIT_AMT" NULLABLE ="NULL" PICTURETEXT ="" PRECISION ="26" SCALE ="7"/>
        <TARGETFIELD BUSINESSNAME ="" DATATYPE ="integer" DESCRIPTION ="" FIELDNUMBER ="27" KEYTYPE ="NOT A KEY" NAME ="EP_TRANSACTION_ID_INT" NULLABLE ="NOTNULL" PICTURETEXT ="" PRECISION ="10" SCALE ="0"/>
        <TARGETFIELD BUSINESSNAME ="" DATATYPE ="integer" DESCRIPTION ="" FIELDNUMBER ="28" KEYTYPE ="NOT A KEY" NAME ="SK_AE_HEADER_ID_INT" NULLABLE ="NOTNULL" PICTURETEXT ="" PRECISION ="10" SCALE ="0"/>
        <TARGETFIELD BUSINESSNAME ="" DATATYPE ="integer" DESCRIPTION ="" FIELDNUMBER ="29" KEYTYPE ="NOT A KEY" NAME ="SK_AE_LINE_NUMBER_INT" NULLABLE ="NOTNULL" PICTURETEXT ="" PRECISION ="10" SCALE ="0"/>
        <TARGETFIELD BUSINESSNAME ="" DATATYPE ="varchar" DESCRIPTION ="" FIELDNUMBER ="30" KEYTYPE ="NOT A KEY" NAME ="ELEMENT_TYPE_CD" NULLABLE ="NOTNULL" PICTURETEXT ="" PRECISION ="40" SCALE ="0"/>
        <TARGETFIELD BUSINESSNAME ="" DATATYPE ="timestamp" DESCRIPTION ="" FIELDNUMBER ="31" KEYTYPE ="NOT A KEY" NAME ="EDW_CREATE_DTM" NULLABLE ="NOTNULL" PICTURETEXT ="" PRECISION ="19" SCALE ="0"/>
        <TARGETFIELD BUSINESSNAME ="" DATATYPE ="char" DESCRIPTION ="" FIELDNUMBER ="32" KEYTYPE ="NOT A KEY" NAME ="EDW_CREATE_USER" NULLABLE ="NOTNULL" PICTURETEXT ="" PRECISION ="30" SCALE ="0"/>
        <TARGETFIELD BUSINESSNAME ="" DATATYPE ="timestamp" DESCRIPTION ="" FIELDNUMBER ="33" KEYTYPE ="NOT A KEY" NAME ="EDW_UPDATE_DTM" NULLABLE ="NOTNULL" PICTURETEXT ="" PRECISION ="19" SCALE ="0"/>
        <TARGETFIELD BUSINESSNAME ="" DATATYPE ="char" DESCRIPTION ="" FIELDNUMBER ="34" KEYTYPE ="NOT A KEY" NAME ="EDW_UPDATE_USER" NULLABLE ="NOTNULL" PICTURETEXT ="" PRECISION ="30" SCALE ="0"/>
        <TARGETFIELD BUSINESSNAME ="" DATATYPE ="integer" DESCRIPTION ="" FIELDNUMBER ="35" KEYTYPE ="NOT A KEY" NAME ="OFFER_ATTRBTN_ID_INT" NULLABLE ="NULL" PICTURETEXT ="" PRECISION ="10" SCALE ="0"/>
        <TARGETFIELD BUSINESSNAME ="" DATATYPE ="char" DESCRIPTION ="" FIELDNUMBER ="36" KEYTYPE ="NOT A KEY" NAME ="ATTRBTN_SS_CD" NULLABLE ="NULL" PICTURETEXT ="" PRECISION ="8" SCALE ="0"/>
        <TARGETFIELD BUSINESSNAME ="" DATATYPE ="integer" DESCRIPTION ="" FIELDNUMBER ="37" KEYTYPE ="NOT A KEY" NAME ="DV_ATTRBTN_PRNT_SLSORD_LN_KEY" NULLABLE ="NOTNULL" PICTURETEXT ="" PRECISION ="10" SCALE ="0"/>
        <TARGETFIELD BUSINESSNAME ="" DATATYPE ="char" DESCRIPTION ="" FIELDNUMBER ="38" KEYTYPE ="NOT A KEY" NAME ="ATTRBTN_CD" NULLABLE ="NOTNULL" PICTURETEXT ="" PRECISION ="12" SCALE ="0"/>
        <TARGETFIELD BUSINESSNAME ="" DATATYPE ="timestamp" DESCRIPTION ="" FIELDNUMBER ="39" KEYTYPE ="NOT A KEY" NAME ="SALES_AGENT_ACTIVE_DTM" NULLABLE ="NULL" PICTURETEXT ="" PRECISION ="19" SCALE ="0"/>
        <TARGETFIELD BUSINESSNAME ="" DATATYPE ="varchar" DESCRIPTION ="" FIELDNUMBER ="40" KEYTYPE ="NOT A KEY" NAME ="TRANSACTION_SOURCE_CD" NULLABLE ="NOTNULL" PICTURETEXT ="" PRECISION ="8" SCALE ="0"/>
        <TARGETFIELD BUSINESSNAME ="" DATATYPE ="varchar" DESCRIPTION ="" FIELDNUMBER ="41" KEYTYPE ="NOT A KEY" NAME ="BK_WEB_ORDER_ID" NULLABLE ="NOTNULL" PICTURETEXT ="" PRECISION ="30" SCALE ="0"/>
        <TARGETFIELD BUSINESSNAME ="" DATATYPE ="integer" DESCRIPTION ="" FIELDNUMBER ="42" KEYTYPE ="NOT A KEY" NAME ="SUBSCRIPTION_ITEM_CHANGE_ID_INT" NULLABLE ="NOTNULL" PICTURETEXT ="" PRECISION ="10" SCALE ="0"/>
        <TARGETFIELD BUSINESSNAME ="" DATATYPE ="integer" DESCRIPTION ="" FIELDNUMBER ="43" KEYTYPE ="NOT A KEY" NAME ="SK_TRX_DISTRI_ID_INT" NULLABLE ="NULL" PICTURETEXT ="" PRECISION ="10" SCALE ="0"/>
        <TARGETFIELD BUSINESSNAME ="" DATATYPE ="integer" DESCRIPTION ="" FIELDNUMBER ="44" KEYTYPE ="NOT A KEY" NAME ="ROL_TRX_LINE_GL_DISTRI_KEY" NULLABLE ="NULL" PICTURETEXT ="" PRECISION ="10" SCALE ="0"/>
    </TARGET>
    <MAPPING DESCRIPTION ="" ISVALID ="YES" NAME ="m_N_REVENUE_TRANSFER" OBJECTVERSION ="1" VERSIONNUMBER ="11">
        <TRANSFORMATION DESCRIPTION ="" NAME ="SQ_W_REVENUE_TRANSFER" OBJECTVERSION ="1" REUSABLE ="NO" TYPE ="Source Qualifier" VERSIONNUMBER ="11">
            <TRANSFORMFIELD DATATYPE ="integer" DEFAULTVALUE ="" DESCRIPTION ="" NAME ="REVENUE_TRANSFER_KEY" PICTURETEXT ="" PORTTYPE ="INPUT/OUTPUT" PRECISION ="10" SCALE ="0"/>
            <TRANSFORMFIELD DATATYPE ="integer" DEFAULTVALUE ="" DESCRIPTION ="" NAME ="GENERAL_LEDGER_ACCOUNT_KEY" PICTURETEXT ="" PORTTYPE ="INPUT/OUTPUT" PRECISION ="10" SCALE ="0"/>
            <TRANSFORMFIELD DATATYPE ="string" DEFAULTVALUE ="" DESCRIPTION ="" NAME ="BK_COMPANY_CD" PICTURETEXT ="" PORTTYPE ="INPUT/OUTPUT" PRECISION ="3" SCALE ="0"/>
            <TRANSFORMFIELD DATATYPE ="integer" DEFAULTVALUE ="" DESCRIPTION ="" NAME ="SET_OF_BOOKS_KEY" PICTURETEXT ="" PORTTYPE ="INPUT/OUTPUT" PRECISION ="10" SCALE ="0"/>
            <TRANSFORMFIELD DATATYPE ="decimal" DEFAULTVALUE ="" DESCRIPTION ="" NAME ="AR_TRANSACTION_LINE_KEY" PICTURETEXT ="" PORTTYPE ="INPUT/OUTPUT" PRECISION ="18" SCALE ="0"/>
            <TRANSFORMFIELD DATATYPE ="string" DEFAULTVALUE ="" DESCRIPTION ="" NAME ="BK_ISO_CURRENCY_CD" PICTURETEXT ="" PORTTYPE ="INPUT/OUTPUT" PRECISION ="3" SCALE ="0"/>
            <TRANSFORMFIELD DATATYPE ="integer" DEFAULTVALUE ="" DESCRIPTION ="" NAME ="PRODUCT_KEY" PICTURETEXT ="" PORTTYPE ="INPUT/OUTPUT" PRECISION ="10" SCALE ="0"/>
            <TRANSFORMFIELD DATATYPE ="date/time" DEFAULTVALUE ="" DESCRIPTION ="" NAME ="GL_DT" PICTURETEXT ="" PORTTYPE ="INPUT/OUTPUT" PRECISION ="29" SCALE ="9"/>
            <TRANSFORMFIELD DATATYPE ="date/time" DEFAULTVALUE ="" DESCRIPTION ="" NAME ="GL_POSTED_DT" PICTURETEXT ="" PORTTYPE ="INPUT/OUTPUT" PRECISION ="29" SCALE ="9"/>
            <TRANSFORMFIELD DATATYPE ="string" DEFAULTVALUE ="" DESCRIPTION ="" NAME ="TRANSFER_GROUP_TYPE_CD" PICTURETEXT ="" PORTTYPE ="INPUT/OUTPUT" PRECISION ="8" SCALE ="0"/>
            <TRANSFORMFIELD DATATYPE ="date/time" DEFAULTVALUE ="" DESCRIPTION ="" NAME ="TRX_FUNCTIONAL_CURR_CONV_DT" PICTURETEXT ="" PORTTYPE ="INPUT/OUTPUT" PRECISION ="29" SCALE ="9"/>
            <TRANSFORMFIELD DATATYPE ="string" DEFAULTVALUE ="" DESCRIPTION ="" NAME ="ACCOUNT_CLASS_CD" PICTURETEXT ="" PORTTYPE ="INPUT/OUTPUT" PRECISION ="50" SCALE ="0"/>
            <TRANSFORMFIELD DATATYPE ="string" DEFAULTVALUE ="" DESCRIPTION ="" NAME ="RTE_DEAL_ID" PICTURETEXT ="" PORTTYPE ="INPUT/OUTPUT" PRECISION ="50" SCALE ="0"/>
            <TRANSFORMFIELD DATATYPE ="string" DEFAULTVALUE ="" DESCRIPTION ="" NAME ="RTE_SOURCE_TYPE" PICTURETEXT ="" PORTTYPE ="INPUT/OUTPUT" PRECISION ="8" SCALE ="0"/>
            <TRANSFORMFIELD DATATYPE ="decimal" DEFAULTVALUE ="" DESCRIPTION ="" NAME ="RU_REV_TRNSFR_FNCTNL_CRDT_AMT" PICTURETEXT ="" PORTTYPE ="INPUT/OUTPUT" PRECISION ="26" SCALE ="7"/>
            <TRANSFORMFIELD DATATYPE ="decimal" DEFAULTVALUE ="" DESCRIPTION ="" NAME ="RU_REV_TRNSFR_TRXNL_CRDT_AMT" PICTURETEXT ="" PORTTYPE ="INPUT/OUTPUT" PRECISION ="26" SCALE ="7"/>
            <TRANSFORMFIELD DATATYPE ="string" DEFAULTVALUE ="" DESCRIPTION ="" NAME ="RU_ACCOUNTING_RULE_NAME" PICTURETEXT ="" PORTTYPE ="INPUT/OUTPUT" PRECISION ="30" SCALE ="0"/>
            <TRANSFORMFIELD DATATYPE ="date/time" DEFAULTVALUE ="" DESCRIPTION ="" NAME ="RU_ACCOUNTING_RULE_START_DT" PICTURETEXT ="" PORTTYPE ="INPUT/OUTPUT" PRECISION ="29" SCALE ="9"/>
            <TRANSFORMFIELD DATATYPE ="date/time" DEFAULTVALUE ="" DESCRIPTION ="" NAME ="RU_ACCOUNTING_RULE_END_DT" PICTURETEXT ="" PORTTYPE ="INPUT/OUTPUT" PRECISION ="29" SCALE ="9"/>
            <TRANSFORMFIELD DATATYPE ="integer" DEFAULTVALUE ="" DESCRIPTION ="" NAME ="RU_ACCOUNTING_RULE_DRTN_CNT" PICTURETEXT ="" PORTTYPE ="INPUT/OUTPUT" PRECISION ="10" SCALE ="0"/>
            <TRANSFORMFIELD DATATYPE ="string" DEFAULTVALUE ="" DESCRIPTION ="" NAME ="RU_RTE_CONTRACT_NUM" PICTURETEXT ="" PORTTYPE ="INPUT/OUTPUT" PRECISION ="50" SCALE ="0"/>
            <TRANSFORMFIELD DATATYPE ="string" DEFAULTVALUE ="" DESCRIPTION ="" NAME ="DEBIT_CREDIT_TYPE" PICTURETEXT ="" PORTTYPE ="INPUT/OUTPUT" PRECISION ="5" SCALE ="0"/>
            <TRANSFORMFIELD DATATYPE ="string" DEFAULTVALUE ="" DESCRIPTION ="" NAME ="RU_MANUAL_REV_TRANSFER_TYPE_CD" PICTURETEXT ="" PORTTYPE ="INPUT/OUTPUT" PRECISION ="8" SCALE ="0"/>
            <TRANSFORMFIELD DATATYPE ="integer" DEFAULTVALUE ="" DESCRIPTION ="" NAME ="RU_SALES_ORDER_LINE_KEY" PICTURETEXT ="" PORTTYPE ="INPUT/OUTPUT" PRECISION ="10" SCALE ="0"/>
            <TRANSFORMFIELD DATATYPE ="decimal" DEFAULTVALUE ="" DESCRIPTION ="" NAME ="RU_REV_TRNSFR_FNCTNL_DEBIT_AMT" PICTURETEXT ="" PORTTYPE ="INPUT/OUTPUT" PRECISION ="26" SCALE ="7"/>
            <TRANSFORMFIELD DATATYPE ="decimal" DEFAULTVALUE ="" DESCRIPTION ="" NAME ="RU_REV_TRNSFR_TRXNL_DEBIT_AMT" PICTURETEXT ="" PORTTYPE ="INPUT/OUTPUT" PRECISION ="26" SCALE ="7"/>
            <TRANSFORMFIELD DATATYPE ="integer" DEFAULTVALUE ="" DESCRIPTION ="" NAME ="EP_TRANSACTION_ID_INT" PICTURETEXT ="" PORTTYPE ="INPUT/OUTPUT" PRECISION ="10" SCALE ="0"/>
            <TRANSFORMFIELD DATATYPE ="integer" DEFAULTVALUE ="" DESCRIPTION ="" NAME ="SK_AE_HEADER_ID_INT" PICTURETEXT ="" PORTTYPE ="INPUT/OUTPUT" PRECISION ="10" SCALE ="0"/>
            <TRANSFORMFIELD DATATYPE ="integer" DEFAULTVALUE ="" DESCRIPTION ="" NAME ="SK_AE_LINE_NUM_INT" PICTURETEXT ="" PORTTYPE ="INPUT/OUTPUT" PRECISION ="10" SCALE ="0"/>
            <TRANSFORMFIELD DATATYPE ="string" DEFAULTVALUE ="" DESCRIPTION ="" NAME ="ELEMENT_TYPE_CD" PICTURETEXT ="" PORTTYPE ="INPUT/OUTPUT" PRECISION ="10" SCALE ="0"/>
            <TRANSFORMFIELD DATATYPE ="date/time" DEFAULTVALUE ="" DESCRIPTION ="" NAME ="EDW_CREATE_DTM" PICTURETEXT ="" PORTTYPE ="INPUT/OUTPUT" PRECISION ="29" SCALE ="9"/>
            <TRANSFORMFIELD DATATYPE ="string" DEFAULTVALUE ="" DESCRIPTION ="" NAME ="EDW_CREATE_USER" PICTURETEXT ="" PORTTYPE ="INPUT/OUTPUT" PRECISION ="30" SCALE ="0"/>
            <TRANSFORMFIELD DATATYPE ="date/time" DEFAULTVALUE ="" DESCRIPTION ="" NAME ="EDW_UPDATE_DTM" PICTURETEXT ="" PORTTYPE ="INPUT/OUTPUT" PRECISION ="29" SCALE ="9"/>
            <TRANSFORMFIELD DATATYPE ="string" DEFAULTVALUE ="" DESCRIPTION ="" NAME ="EDW_UPDATE_USER" PICTURETEXT ="" PORTTYPE ="INPUT/OUTPUT" PRECISION ="30" SCALE ="0"/>
            <TRANSFORMFIELD DATATYPE ="integer" DEFAULTVALUE ="" DESCRIPTION ="" NAME ="OFFER_ATTRBTN_ID_INT" PICTURETEXT ="" PORTTYPE ="INPUT/OUTPUT" PRECISION ="10" SCALE ="0"/>
            <TRANSFORMFIELD DATATYPE ="string" DEFAULTVALUE ="" DESCRIPTION ="" NAME ="ATTRBTN_SS_CD" PICTURETEXT ="" PORTTYPE ="INPUT/OUTPUT" PRECISION ="8" SCALE ="0"/>
            <TRANSFORMFIELD DATATYPE ="integer" DEFAULTVALUE ="" DESCRIPTION ="" NAME ="DV_ATTRBTN_PRNT_SLSORD_LN_KEY" PICTURETEXT ="" PORTTYPE ="INPUT/OUTPUT" PRECISION ="10" SCALE ="0"/>
            <TRANSFORMFIELD DATATYPE ="string" DEFAULTVALUE ="" DESCRIPTION ="" NAME ="ATTRBTN_CD" PICTURETEXT ="" PORTTYPE ="INPUT/OUTPUT" PRECISION ="12" SCALE ="0"/>
            <TRANSFORMFIELD DATATYPE ="date/time" DEFAULTVALUE ="" DESCRIPTION ="" NAME ="SALES_AGENT_ACTIVE_DTM" PICTURETEXT ="" PORTTYPE ="INPUT/OUTPUT" PRECISION ="29" SCALE ="9"/>
            <TRANSFORMFIELD DATATYPE ="string" DEFAULTVALUE ="" DESCRIPTION ="" NAME ="TRANSACTION_SOURCE_CD" PICTURETEXT ="" PORTTYPE ="INPUT/OUTPUT" PRECISION ="10" SCALE ="0"/>
            <TRANSFORMFIELD DATATYPE ="string" DEFAULTVALUE ="" DESCRIPTION ="" NAME ="BK_WEB_ORDER_ID" PICTURETEXT ="" PORTTYPE ="INPUT/OUTPUT" PRECISION ="30" SCALE ="0"/>
            <TRANSFORMFIELD DATATYPE ="integer" DEFAULTVALUE ="" DESCRIPTION ="" NAME ="SUBSCRIPTION_ITEM_CHANGE_ID_INT" PICTURETEXT ="" PORTTYPE ="INPUT/OUTPUT" PRECISION ="10" SCALE ="0"/>
            <TRANSFORMFIELD DATATYPE ="integer" DEFAULTVALUE ="" DESCRIPTION ="" NAME ="SK_TRX_DISTRI_ID_INT" PICTURETEXT ="" PORTTYPE ="INPUT/OUTPUT" PRECISION ="10" SCALE ="0"/>
            <TRANSFORMFIELD DATATYPE ="integer" DEFAULTVALUE ="" DESCRIPTION ="" NAME ="ROL_TRX_LINE_GL_DISTRI_KEY" PICTURETEXT ="" PORTTYPE ="INPUT/OUTPUT" PRECISION ="10" SCALE ="0"/>
            <TABLEATTRIBUTE NAME ="Sql Query" VALUE ="SELECT&#xD;&#xA;  REVENUE_TRANSFER_KEY          ,&#xD;&#xA;  GENERAL_LEDGER_ACCOUNT_KEY    ,&#xD;&#xA;  BK_COMPANY_CD                 ,&#xD;&#xA;  SET_OF_BOOKS_KEY              ,&#xD;&#xA;  AR_TRANSACTION_LINE_KEY       ,&#xD;&#xA;  BK_ISO_CURRENCY_CD            ,&#xD;&#xA;  PRODUCT_KEY                   ,&#xD;&#xA;  GL_DT                         ,&#xD;&#xA;  GL_POSTED_DT                  ,&#xD;&#xA;  TRANSFER_GROUP_TYPE_CD        ,&#xD;&#xA;  TRX_FUNCTIONAL_CURR_CONV_DT   ,&#xD;&#xA;  ACCOUNT_CLASS_CD              ,&#xD;&#xA;  RTE_DEAL_ID                   ,&#xD;&#xA;  RTE_SOURCE_TYPE               ,&#xD;&#xA;  RU_REV_TRNSFR_FNCTNL_CRDT_AMT ,&#xD;&#xA;  RU_REV_TRNSFR_TRXNL_CRDT_AMT  ,&#xD;&#xA;  RU_ACCOUNTING_RULE_NAME       ,&#xD;&#xA;  RU_ACCOUNTING_RULE_START_DT   ,&#xD;&#xA;  RU_ACCOUNTING_RULE_END_DT     ,&#xD;&#xA;  RU_ACCOUNTING_RULE_DRTN_CNT   ,&#xD;&#xA;  RU_RTE_CONTRACT_NUM           ,&#xD;&#xA;  DEBIT_CREDIT_TYPE             ,&#xD;&#xA;  RU_MANUAL_REV_TRANSFER_TYPE_CD,&#xD;&#xA;  RU_SALES_ORDER_LINE_KEY       ,&#xD;&#xA;  RU_REV_TRNSFR_FNCTNL_DEBIT_AMT,&#xD;&#xA;  RU_REV_TRNSFR_TRXNL_DEBIT_AMT ,&#xD;&#xA;  EP_TRANSACTION_ID_INT         ,&#xD;&#xA;  SK_AE_HEADER_ID_INT           ,&#xD;&#xA;  SK_AE_LINE_NUMBER_INT         ,&#xD;&#xA;  ELEMENT_TYPE_CD               ,&#xD;&#xA;  EDW_CREATE_DTM                ,&#xD;&#xA;  EDW_CREATE_USER               ,&#xD;&#xA;  EDW_UPDATE_DTM                ,&#xD;&#xA;  EDW_UPDATE_USER               ,&#xD;&#xA;  /*start: RTEQ1FY15*/ &#xD;&#xA;  OFFER_ATTRBTN_ID_INT          ,&#xD;&#xA;  ATTRBTN_SS_CD                 ,&#xD;&#xA;  DV_ATTRBTN_PRNT_SLSORD_LN_KEY ,&#xD;&#xA;  ATTRBTN_CD             ,&#xD;&#xA;  /*RTEQ1FY15: end */&#xD;&#xA;  /*Start : Q1FY17 RTE XAAS*/&#xD;&#xA;  SALES_AGENT_ACTIVE_DTM    ,     &#xD;&#xA;TRANSACTION_SOURCE_CD  ,       &#xD;&#xA;BK_WEB_ORDER_ID   ,            &#xD;&#xA;SUBSCRIPTION_ITEM_CHANGE_ID_INT,&#xD;&#xA;SK_TRX_DISTRI_ID_INT          ,&#xD;&#xA;ROL_TRX_LINE_GL_DISTRI_KEY    &#xD;&#xA; /* Q1FY17 RTE XAAS : End */&#xD;&#xA;  FROM  $$WORKDB.W_REVENUE_TRANSFER WRTA  &#xD;&#xA;  WHERE &#xD;&#xA;  DML_TYPE=&apos;I&apos; AND &#xD;&#xA;  NOT EXISTS  (SELECT 1 FROM $$FINLGLVWDB.N_REVENUE_TRANSFER NRTA  &#xD;&#xA;         WHERE NRTA.REVENUE_TRANSFER_KEY = WRTA.REVENUE_TRANSFER_KEY)"/>
            <TABLEATTRIBUTE NAME ="User Defined Join" VALUE =""/>
            <TABLEATTRIBUTE NAME ="Source Filter" VALUE =""/>
            <TABLEATTRIBUTE NAME ="Number Of Sorted Ports" VALUE ="0"/>
            <TABLEATTRIBUTE NAME ="Tracing Level" VALUE ="Normal"/>
            <TABLEATTRIBUTE NAME ="Select Distinct" VALUE ="NO"/>
            <TABLEATTRIBUTE NAME ="Is Partitionable" VALUE ="NO"/>
            <TABLEATTRIBUTE NAME ="Pre SQL" VALUE =""/>
            <TABLEATTRIBUTE NAME ="Post SQL" VALUE =""/>
            <TABLEATTRIBUTE NAME ="Output is deterministic" VALUE ="NO"/>
            <TABLEATTRIBUTE NAME ="Output is repeatable" VALUE ="Never"/>
        </TRANSFORMATION>
        <INSTANCE DESCRIPTION ="" NAME ="N_REVENUE_TRANSFER" TRANSFORMATION_NAME ="N_REVENUE_TRANSFER" TRANSFORMATION_TYPE ="Target Definition" TYPE ="TARGET"/>
        <INSTANCE DESCRIPTION ="" NAME ="SQ_W_REVENUE_TRANSFER" REUSABLE ="NO" TRANSFORMATION_NAME ="SQ_W_REVENUE_TRANSFER" TRANSFORMATION_TYPE ="Source Qualifier" TYPE ="TRANSFORMATION">
            <ASSOCIATED_SOURCE_INSTANCE NAME ="W_REVENUE_TRANSFER"/>
        </INSTANCE>
        <INSTANCE DBDNAME ="TDDEV" DESCRIPTION ="" NAME ="W_REVENUE_TRANSFER" TRANSFORMATION_NAME ="W_REVENUE_TRANSFER" TRANSFORMATION_TYPE ="Source Definition" TYPE ="SOURCE"/>
        <CONNECTOR FROMFIELD ="RU_ACCOUNTING_RULE_NAME" FROMINSTANCE ="SQ_W_REVENUE_TRANSFER" FROMINSTANCETYPE ="Source Qualifier" TOFIELD ="RU_ACCOUNTING_RULE_NAME" TOINSTANCE ="N_REVENUE_TRANSFER" TOINSTANCETYPE ="Target Definition"/>
        <CONNECTOR FROMFIELD ="RU_ACCOUNTING_RULE_START_DT" FROMINSTANCE ="SQ_W_REVENUE_TRANSFER" FROMINSTANCETYPE ="Source Qualifier" TOFIELD ="RU_ACCOUNTING_RULE_START_DT" TOINSTANCE ="N_REVENUE_TRANSFER" TOINSTANCETYPE ="Target Definition"/>
        <CONNECTOR FROMFIELD ="RU_ACCOUNTING_RULE_END_DT" FROMINSTANCE ="SQ_W_REVENUE_TRANSFER" FROMINSTANCETYPE ="Source Qualifier" TOFIELD ="RU_ACCOUNTING_RULE_END_DT" TOINSTANCE ="N_REVENUE_TRANSFER" TOINSTANCETYPE ="Target Definition"/>
        <CONNECTOR FROMFIELD ="RU_ACCOUNTING_RULE_DRTN_CNT" FROMINSTANCE ="SQ_W_REVENUE_TRANSFER" FROMINSTANCETYPE ="Source Qualifier" TOFIELD ="RU_ACCOUNTING_RULE_DRTN_CNT" TOINSTANCE ="N_REVENUE_TRANSFER" TOINSTANCETYPE ="Target Definition"/>
        <CONNECTOR FROMFIELD ="SK_AE_LINE_NUM_INT" FROMINSTANCE ="SQ_W_REVENUE_TRANSFER" FROMINSTANCETYPE ="Source Qualifier" TOFIELD ="SK_AE_LINE_NUMBER_INT" TOINSTANCE ="N_REVENUE_TRANSFER" TOINSTANCETYPE ="Target Definition"/>
        <CONNECTOR FROMFIELD ="OFFER_ATTRBTN_ID_INT" FROMINSTANCE ="SQ_W_REVENUE_TRANSFER" FROMINSTANCETYPE ="Source Qualifier" TOFIELD ="OFFER_ATTRBTN_ID_INT" TOINSTANCE ="N_REVENUE_TRANSFER" TOINSTANCETYPE ="Target Definition"/>
        <CONNECTOR FROMFIELD ="TRANSACTION_SOURCE_CD" FROMINSTANCE ="SQ_W_REVENUE_TRANSFER" FROMINSTANCETYPE ="Source Qualifier" TOFIELD ="TRANSACTION_SOURCE_CD" TOINSTANCE ="N_REVENUE_TRANSFER" TOINSTANCETYPE ="Target Definition"/>
        <CONNECTOR FROMFIELD ="BK_WEB_ORDER_ID" FROMINSTANCE ="SQ_W_REVENUE_TRANSFER" FROMINSTANCETYPE ="Source Qualifier" TOFIELD ="BK_WEB_ORDER_ID" TOINSTANCE ="N_REVENUE_TRANSFER" TOINSTANCETYPE ="Target Definition"/>
        <CONNECTOR FROMFIELD ="SUBSCRIPTION_ITEM_CHANGE_ID_INT" FROMINSTANCE ="SQ_W_REVENUE_TRANSFER" FROMINSTANCETYPE ="Source Qualifier" TOFIELD ="SUBSCRIPTION_ITEM_CHANGE_ID_INT" TOINSTANCE ="N_REVENUE_TRANSFER" TOINSTANCETYPE ="Target Definition"/>
        <CONNECTOR FROMFIELD ="SALES_AGENT_ACTIVE_DTM" FROMINSTANCE ="SQ_W_REVENUE_TRANSFER" FROMINSTANCETYPE ="Source Qualifier" TOFIELD ="SALES_AGENT_ACTIVE_DTM" TOINSTANCE ="N_REVENUE_TRANSFER" TOINSTANCETYPE ="Target Definition"/>
        <CONNECTOR FROMFIELD ="DV_ATTRBTN_PRNT_SLSORD_LN_KEY" FROMINSTANCE ="SQ_W_REVENUE_TRANSFER" FROMINSTANCETYPE ="Source Qualifier" TOFIELD ="DV_ATTRBTN_PRNT_SLSORD_LN_KEY" TOINSTANCE ="N_REVENUE_TRANSFER" TOINSTANCETYPE ="Target Definition"/>
        <CONNECTOR FROMFIELD ="ATTRBTN_CD" FROMINSTANCE ="SQ_W_REVENUE_TRANSFER" FROMINSTANCETYPE ="Source Qualifier" TOFIELD ="ATTRBTN_CD" TOINSTANCE ="N_REVENUE_TRANSFER" TOINSTANCETYPE ="Target Definition"/>
        <CONNECTOR FROMFIELD ="ATTRBTN_SS_CD" FROMINSTANCE ="SQ_W_REVENUE_TRANSFER" FROMINSTANCETYPE ="Source Qualifier" TOFIELD ="ATTRBTN_SS_CD" TOINSTANCE ="N_REVENUE_TRANSFER" TOINSTANCETYPE ="Target Definition"/>
        <CONNECTOR FROMFIELD ="RU_RTE_CONTRACT_NUM" FROMINSTANCE ="SQ_W_REVENUE_TRANSFER" FROMINSTANCETYPE ="Source Qualifier" TOFIELD ="RU_RTE_CONTRACT_NUM" TOINSTANCE ="N_REVENUE_TRANSFER" TOINSTANCETYPE ="Target Definition"/>
        <CONNECTOR FROMFIELD ="RU_MANUAL_REV_TRANSFER_TYPE_CD" FROMINSTANCE ="SQ_W_REVENUE_TRANSFER" FROMINSTANCETYPE ="Source Qualifier" TOFIELD ="RU_MANUAL_REV_TRANSFER_TYPE_CD" TOINSTANCE ="N_REVENUE_TRANSFER" TOINSTANCETYPE ="Target Definition"/>
        <CONNECTOR FROMFIELD ="RU_SALES_ORDER_LINE_KEY" FROMINSTANCE ="SQ_W_REVENUE_TRANSFER" FROMINSTANCETYPE ="Source Qualifier" TOFIELD ="RU_SALES_ORDER_LINE_KEY" TOINSTANCE ="N_REVENUE_TRANSFER" TOINSTANCETYPE ="Target Definition"/>
        <CONNECTOR FROMFIELD ="RU_REV_TRNSFR_FNCTNL_DEBIT_AMT" FROMINSTANCE ="SQ_W_REVENUE_TRANSFER" FROMINSTANCETYPE ="Source Qualifier" TOFIELD ="RU_REV_TRNSFR_FNCTNL_DEBIT_AMT" TOINSTANCE ="N_REVENUE_TRANSFER" TOINSTANCETYPE ="Target Definition"/>
        <CONNECTOR FROMFIELD ="RU_REV_TRNSFR_TRXNL_DEBIT_AMT" FROMINSTANCE ="SQ_W_REVENUE_TRANSFER" FROMINSTANCETYPE ="Source Qualifier" TOFIELD ="RU_REV_TRNSFR_TRXNL_DEBIT_AMT" TOINSTANCE ="N_REVENUE_TRANSFER" TOINSTANCETYPE ="Target Definition"/>
        <CONNECTOR FROMFIELD ="EP_TRANSACTION_ID_INT" FROMINSTANCE ="SQ_W_REVENUE_TRANSFER" FROMINSTANCETYPE ="Source Qualifier" TOFIELD ="EP_TRANSACTION_ID_INT" TOINSTANCE ="N_REVENUE_TRANSFER" TOINSTANCETYPE ="Target Definition"/>
        <CONNECTOR FROMFIELD ="SK_AE_HEADER_ID_INT" FROMINSTANCE ="SQ_W_REVENUE_TRANSFER" FROMINSTANCETYPE ="Source Qualifier" TOFIELD ="SK_AE_HEADER_ID_INT" TOINSTANCE ="N_REVENUE_TRANSFER" TOINSTANCETYPE ="Target Definition"/>
        <CONNECTOR FROMFIELD ="EDW_CREATE_DTM" FROMINSTANCE ="SQ_W_REVENUE_TRANSFER" FROMINSTANCETYPE ="Source Qualifier" TOFIELD ="EDW_CREATE_DTM" TOINSTANCE ="N_REVENUE_TRANSFER" TOINSTANCETYPE ="Target Definition"/>
        <CONNECTOR FROMFIELD ="EDW_CREATE_USER" FROMINSTANCE ="SQ_W_REVENUE_TRANSFER" FROMINSTANCETYPE ="Source Qualifier" TOFIELD ="EDW_CREATE_USER" TOINSTANCE ="N_REVENUE_TRANSFER" TOINSTANCETYPE ="Target Definition"/>
        <CONNECTOR FROMFIELD ="EDW_UPDATE_DTM" FROMINSTANCE ="SQ_W_REVENUE_TRANSFER" FROMINSTANCETYPE ="Source Qualifier" TOFIELD ="EDW_UPDATE_DTM" TOINSTANCE ="N_REVENUE_TRANSFER" TOINSTANCETYPE ="Target Definition"/>
        <CONNECTOR FROMFIELD ="EDW_UPDATE_USER" FROMINSTANCE ="SQ_W_REVENUE_TRANSFER" FROMINSTANCETYPE ="Source Qualifier" TOFIELD ="EDW_UPDATE_USER" TOINSTANCE ="N_REVENUE_TRANSFER" TOINSTANCETYPE ="Target Definition"/>
        <CONNECTOR FROMFIELD ="REVENUE_TRANSFER_KEY" FROMINSTANCE ="SQ_W_REVENUE_TRANSFER" FROMINSTANCETYPE ="Source Qualifier" TOFIELD ="REVENUE_TRANSFER_KEY" TOINSTANCE ="N_REVENUE_TRANSFER" TOINSTANCETYPE ="Target Definition"/>
        <CONNECTOR FROMFIELD ="GENERAL_LEDGER_ACCOUNT_KEY" FROMINSTANCE ="SQ_W_REVENUE_TRANSFER" FROMINSTANCETYPE ="Source Qualifier" TOFIELD ="GENERAL_LEDGER_ACCOUNT_KEY" TOINSTANCE ="N_REVENUE_TRANSFER" TOINSTANCETYPE ="Target Definition"/>
        <CONNECTOR FROMFIELD ="BK_COMPANY_CD" FROMINSTANCE ="SQ_W_REVENUE_TRANSFER" FROMINSTANCETYPE ="Source Qualifier" TOFIELD ="BK_COMPANY_CD" TOINSTANCE ="N_REVENUE_TRANSFER" TOINSTANCETYPE ="Target Definition"/>
        <CONNECTOR FROMFIELD ="SET_OF_BOOKS_KEY" FROMINSTANCE ="SQ_W_REVENUE_TRANSFER" FROMINSTANCETYPE ="Source Qualifier" TOFIELD ="SET_OF_BOOKS_KEY" TOINSTANCE ="N_REVENUE_TRANSFER" TOINSTANCETYPE ="Target Definition"/>
        <CONNECTOR FROMFIELD ="AR_TRANSACTION_LINE_KEY" FROMINSTANCE ="SQ_W_REVENUE_TRANSFER" FROMINSTANCETYPE ="Source Qualifier" TOFIELD ="AR_TRANSACTION_LINE_KEY" TOINSTANCE ="N_REVENUE_TRANSFER" TOINSTANCETYPE ="Target Definition"/>
        <CONNECTOR FROMFIELD ="BK_ISO_CURRENCY_CD" FROMINSTANCE ="SQ_W_REVENUE_TRANSFER" FROMINSTANCETYPE ="Source Qualifier" TOFIELD ="BK_ISO_CURRENCY_CD" TOINSTANCE ="N_REVENUE_TRANSFER" TOINSTANCETYPE ="Target Definition"/>
        <CONNECTOR FROMFIELD ="PRODUCT_KEY" FROMINSTANCE ="SQ_W_REVENUE_TRANSFER" FROMINSTANCETYPE ="Source Qualifier" TOFIELD ="PRODUCT_KEY" TOINSTANCE ="N_REVENUE_TRANSFER" TOINSTANCETYPE ="Target Definition"/>
        <CONNECTOR FROMFIELD ="GL_DT" FROMINSTANCE ="SQ_W_REVENUE_TRANSFER" FROMINSTANCETYPE ="Source Qualifier" TOFIELD ="GL_DT" TOINSTANCE ="N_REVENUE_TRANSFER" TOINSTANCETYPE ="Target Definition"/>
        <CONNECTOR FROMFIELD ="GL_POSTED_DT" FROMINSTANCE ="SQ_W_REVENUE_TRANSFER" FROMINSTANCETYPE ="Source Qualifier" TOFIELD ="GL_POSTED_DT" TOINSTANCE ="N_REVENUE_TRANSFER" TOINSTANCETYPE ="Target Definition"/>
        <CONNECTOR FROMFIELD ="ELEMENT_TYPE_CD" FROMINSTANCE ="SQ_W_REVENUE_TRANSFER" FROMINSTANCETYPE ="Source Qualifier" TOFIELD ="ELEMENT_TYPE_CD" TOINSTANCE ="N_REVENUE_TRANSFER" TOINSTANCETYPE ="Target Definition"/>
        <CONNECTOR FROMFIELD ="TRANSFER_GROUP_TYPE_CD" FROMINSTANCE ="SQ_W_REVENUE_TRANSFER" FROMINSTANCETYPE ="Source Qualifier" TOFIELD ="TRANSFER_GROUP_TYPE_CD" TOINSTANCE ="N_REVENUE_TRANSFER" TOINSTANCETYPE ="Target Definition"/>
        <CONNECTOR FROMFIELD ="TRX_FUNCTIONAL_CURR_CONV_DT" FROMINSTANCE ="SQ_W_REVENUE_TRANSFER" FROMINSTANCETYPE ="Source Qualifier" TOFIELD ="TRX_FUNCTIONAL_CURR_CONV_DT" TOINSTANCE ="N_REVENUE_TRANSFER" TOINSTANCETYPE ="Target Definition"/>
        <CONNECTOR FROMFIELD ="ACCOUNT_CLASS_CD" FROMINSTANCE ="SQ_W_REVENUE_TRANSFER" FROMINSTANCETYPE ="Source Qualifier" TOFIELD ="ACCOUNT_CLASS_CD" TOINSTANCE ="N_REVENUE_TRANSFER" TOINSTANCETYPE ="Target Definition"/>
        <CONNECTOR FROMFIELD ="RTE_DEAL_ID" FROMINSTANCE ="SQ_W_REVENUE_TRANSFER" FROMINSTANCETYPE ="Source Qualifier" TOFIELD ="RTE_DEAL_ID" TOINSTANCE ="N_REVENUE_TRANSFER" TOINSTANCETYPE ="Target Definition"/>
        <CONNECTOR FROMFIELD ="RTE_SOURCE_TYPE" FROMINSTANCE ="SQ_W_REVENUE_TRANSFER" FROMINSTANCETYPE ="Source Qualifier" TOFIELD ="RTE_SOURCE_TYPE" TOINSTANCE ="N_REVENUE_TRANSFER" TOINSTANCETYPE ="Target Definition"/>
        <CONNECTOR FROMFIELD ="RU_REV_TRNSFR_FNCTNL_CRDT_AMT" FROMINSTANCE ="SQ_W_REVENUE_TRANSFER" FROMINSTANCETYPE ="Source Qualifier" TOFIELD ="RU_REV_TRNSFR_FNCTNL_CRDT_AMT" TOINSTANCE ="N_REVENUE_TRANSFER" TOINSTANCETYPE ="Target Definition"/>
        <CONNECTOR FROMFIELD ="RU_REV_TRNSFR_TRXNL_CRDT_AMT" FROMINSTANCE ="SQ_W_REVENUE_TRANSFER" FROMINSTANCETYPE ="Source Qualifier" TOFIELD ="RU_REV_TRNSFR_TRXNL_CRDT_AMT" TOINSTANCE ="N_REVENUE_TRANSFER" TOINSTANCETYPE ="Target Definition"/>
        <CONNECTOR FROMFIELD ="DEBIT_CREDIT_TYPE" FROMINSTANCE ="SQ_W_REVENUE_TRANSFER" FROMINSTANCETYPE ="Source Qualifier" TOFIELD ="DEBIT_CREDIT_TYPE" TOINSTANCE ="N_REVENUE_TRANSFER" TOINSTANCETYPE ="Target Definition"/>
        <CONNECTOR FROMFIELD ="SK_TRX_DISTRI_ID_INT" FROMINSTANCE ="SQ_W_REVENUE_TRANSFER" FROMINSTANCETYPE ="Source Qualifier" TOFIELD ="SK_TRX_DISTRI_ID_INT" TOINSTANCE ="N_REVENUE_TRANSFER" TOINSTANCETYPE ="Target Definition"/>
        <CONNECTOR FROMFIELD ="ROL_TRX_LINE_GL_DISTRI_KEY" FROMINSTANCE ="SQ_W_REVENUE_TRANSFER" FROMINSTANCETYPE ="Source Qualifier" TOFIELD ="ROL_TRX_LINE_GL_DISTRI_KEY" TOINSTANCE ="N_REVENUE_TRANSFER" TOINSTANCETYPE ="Target Definition"/>
        <CONNECTOR FROMFIELD ="BK_ISO_CURRENCY_CD" FROMINSTANCE ="W_REVENUE_TRANSFER" FROMINSTANCETYPE ="Source Definition" TOFIELD ="BK_ISO_CURRENCY_CD" TOINSTANCE ="SQ_W_REVENUE_TRANSFER" TOINSTANCETYPE ="Source Qualifier"/>
        <CONNECTOR FROMFIELD ="PRODUCT_KEY" FROMINSTANCE ="W_REVENUE_TRANSFER" FROMINSTANCETYPE ="Source Definition" TOFIELD ="PRODUCT_KEY" TOINSTANCE ="SQ_W_REVENUE_TRANSFER" TOINSTANCETYPE ="Source Qualifier"/>
        <CONNECTOR FROMFIELD ="EDW_UPDATE_DTM" FROMINSTANCE ="W_REVENUE_TRANSFER" FROMINSTANCETYPE ="Source Definition" TOFIELD ="EDW_UPDATE_DTM" TOINSTANCE ="SQ_W_REVENUE_TRANSFER" TOINSTANCETYPE ="Source Qualifier"/>
        <CONNECTOR FROMFIELD ="EDW_UPDATE_USER" FROMINSTANCE ="W_REVENUE_TRANSFER" FROMINSTANCETYPE ="Source Definition" TOFIELD ="EDW_UPDATE_USER" TOINSTANCE ="SQ_W_REVENUE_TRANSFER" TOINSTANCETYPE ="Source Qualifier"/>
        <CONNECTOR FROMFIELD ="GL_POSTED_DT" FROMINSTANCE ="W_REVENUE_TRANSFER" FROMINSTANCETYPE ="Source Definition" TOFIELD ="GL_POSTED_DT" TOINSTANCE ="SQ_W_REVENUE_TRANSFER" TOINSTANCETYPE ="Source Qualifier"/>
        <CONNECTOR FROMFIELD ="GENERAL_LEDGER_ACCOUNT_KEY" FROMINSTANCE ="W_REVENUE_TRANSFER" FROMINSTANCETYPE ="Source Definition" TOFIELD ="GENERAL_LEDGER_ACCOUNT_KEY" TOINSTANCE ="SQ_W_REVENUE_TRANSFER" TOINSTANCETYPE ="Source Qualifier"/>
        <CONNECTOR FROMFIELD ="BK_COMPANY_CD" FROMINSTANCE ="W_REVENUE_TRANSFER" FROMINSTANCETYPE ="Source Definition" TOFIELD ="BK_COMPANY_CD" TOINSTANCE ="SQ_W_REVENUE_TRANSFER" TOINSTANCETYPE ="Source Qualifier"/>
        <CONNECTOR FROMFIELD ="RU_ACCOUNTING_RULE_START_DT" FROMINSTANCE ="W_REVENUE_TRANSFER" FROMINSTANCETYPE ="Source Definition" TOFIELD ="RU_ACCOUNTING_RULE_START_DT" TOINSTANCE ="SQ_W_REVENUE_TRANSFER" TOINSTANCETYPE ="Source Qualifier"/>
        <CONNECTOR FROMFIELD ="RU_ACCOUNTING_RULE_END_DT" FROMINSTANCE ="W_REVENUE_TRANSFER" FROMINSTANCETYPE ="Source Definition" TOFIELD ="RU_ACCOUNTING_RULE_END_DT" TOINSTANCE ="SQ_W_REVENUE_TRANSFER" TOINSTANCETYPE ="Source Qualifier"/>
        <CONNECTOR FROMFIELD ="RU_ACCOUNTING_RULE_DRTN_CNT" FROMINSTANCE ="W_REVENUE_TRANSFER" FROMINSTANCETYPE ="Source Definition" TOFIELD ="RU_ACCOUNTING_RULE_DRTN_CNT" TOINSTANCE ="SQ_W_REVENUE_TRANSFER" TOINSTANCETYPE ="Source Qualifier"/>
        <CONNECTOR FROMFIELD ="RU_RTE_CONTRACT_NUM" FROMINSTANCE ="W_REVENUE_TRANSFER" FROMINSTANCETYPE ="Source Definition" TOFIELD ="RU_RTE_CONTRACT_NUM" TOINSTANCE ="SQ_W_REVENUE_TRANSFER" TOINSTANCETYPE ="Source Qualifier"/>
        <CONNECTOR FROMFIELD ="REVENUE_TRANSFER_KEY" FROMINSTANCE ="W_REVENUE_TRANSFER" FROMINSTANCETYPE ="Source Definition" TOFIELD ="REVENUE_TRANSFER_KEY" TOINSTANCE ="SQ_W_REVENUE_TRANSFER" TOINSTANCETYPE ="Source Qualifier"/>
        <CONNECTOR FROMFIELD ="SK_AE_LINE_NUMBER_INT" FROMINSTANCE ="W_REVENUE_TRANSFER" FROMINSTANCETYPE ="Source Definition" TOFIELD ="SK_AE_LINE_NUM_INT" TOINSTANCE ="SQ_W_REVENUE_TRANSFER" TOINSTANCETYPE ="Source Qualifier"/>
        <CONNECTOR FROMFIELD ="RTE_DEAL_ID" FROMINSTANCE ="W_REVENUE_TRANSFER" FROMINSTANCETYPE ="Source Definition" TOFIELD ="RTE_DEAL_ID" TOINSTANCE ="SQ_W_REVENUE_TRANSFER" TOINSTANCETYPE ="Source Qualifier"/>
        <CONNECTOR FROMFIELD ="RTE_SOURCE_TYPE" FROMINSTANCE ="W_REVENUE_TRANSFER" FROMINSTANCETYPE ="Source Definition" TOFIELD ="RTE_SOURCE_TYPE" TOINSTANCE ="SQ_W_REVENUE_TRANSFER" TOINSTANCETYPE ="Source Qualifier"/>
        <CONNECTOR FROMFIELD ="RU_REV_TRNSFR_FNCTNL_CRDT_AMT" FROMINSTANCE ="W_REVENUE_TRANSFER" FROMINSTANCETYPE ="Source Definition" TOFIELD ="RU_REV_TRNSFR_FNCTNL_CRDT_AMT" TOINSTANCE ="SQ_W_REVENUE_TRANSFER" TOINSTANCETYPE ="Source Qualifier"/>
        <CONNECTOR FROMFIELD ="RU_REV_TRNSFR_TRXNL_CRDT_AMT" FROMINSTANCE ="W_REVENUE_TRANSFER" FROMINSTANCETYPE ="Source Definition" TOFIELD ="RU_REV_TRNSFR_TRXNL_CRDT_AMT" TOINSTANCE ="SQ_W_REVENUE_TRANSFER" TOINSTANCETYPE ="Source Qualifier"/>
        <CONNECTOR FROMFIELD ="RU_MANUAL_REV_TRANSFER_TYPE_CD" FROMINSTANCE ="W_REVENUE_TRANSFER" FROMINSTANCETYPE ="Source Definition" TOFIELD ="RU_MANUAL_REV_TRANSFER_TYPE_CD" TOINSTANCE ="SQ_W_REVENUE_TRANSFER" TOINSTANCETYPE ="Source Qualifier"/>
        <CONNECTOR FROMFIELD ="RU_SALES_ORDER_LINE_KEY" FROMINSTANCE ="W_REVENUE_TRANSFER" FROMINSTANCETYPE ="Source Definition" TOFIELD ="RU_SALES_ORDER_LINE_KEY" TOINSTANCE ="SQ_W_REVENUE_TRANSFER" TOINSTANCETYPE ="Source Qualifier"/>
        <CONNECTOR FROMFIELD ="RU_REV_TRNSFR_FNCTNL_DEBIT_AMT" FROMINSTANCE ="W_REVENUE_TRANSFER" FROMINSTANCETYPE ="Source Definition" TOFIELD ="RU_REV_TRNSFR_FNCTNL_DEBIT_AMT" TOINSTANCE ="SQ_W_REVENUE_TRANSFER" TOINSTANCETYPE ="Source Qualifier"/>
        <CONNECTOR FROMFIELD ="RU_REV_TRNSFR_TRXNL_DEBIT_AMT" FROMINSTANCE ="W_REVENUE_TRANSFER" FROMINSTANCETYPE ="Source Definition" TOFIELD ="RU_REV_TRNSFR_TRXNL_DEBIT_AMT" TOINSTANCE ="SQ_W_REVENUE_TRANSFER" TOINSTANCETYPE ="Source Qualifier"/>
        <CONNECTOR FROMFIELD ="EP_TRANSACTION_ID_INT" FROMINSTANCE ="W_REVENUE_TRANSFER" FROMINSTANCETYPE ="Source Definition" TOFIELD ="EP_TRANSACTION_ID_INT" TOINSTANCE ="SQ_W_REVENUE_TRANSFER" TOINSTANCETYPE ="Source Qualifier"/>
        <CONNECTOR FROMFIELD ="SK_AE_HEADER_ID_INT" FROMINSTANCE ="W_REVENUE_TRANSFER" FROMINSTANCETYPE ="Source Definition" TOFIELD ="SK_AE_HEADER_ID_INT" TOINSTANCE ="SQ_W_REVENUE_TRANSFER" TOINSTANCETYPE ="Source Qualifier"/>
        <CONNECTOR FROMFIELD ="EDW_CREATE_DTM" FROMINSTANCE ="W_REVENUE_TRANSFER" FROMINSTANCETYPE ="Source Definition" TOFIELD ="EDW_CREATE_DTM" TOINSTANCE ="SQ_W_REVENUE_TRANSFER" TOINSTANCETYPE ="Source Qualifier"/>
        <CONNECTOR FROMFIELD ="EDW_CREATE_USER" FROMINSTANCE ="W_REVENUE_TRANSFER" FROMINSTANCETYPE ="Source Definition" TOFIELD ="EDW_CREATE_USER" TOINSTANCE ="SQ_W_REVENUE_TRANSFER" TOINSTANCETYPE ="Source Qualifier"/>
        <CONNECTOR FROMFIELD ="SET_OF_BOOKS_KEY" FROMINSTANCE ="W_REVENUE_TRANSFER" FROMINSTANCETYPE ="Source Definition" TOFIELD ="SET_OF_BOOKS_KEY" TOINSTANCE ="SQ_W_REVENUE_TRANSFER" TOINSTANCETYPE ="Source Qualifier"/>
        <CONNECTOR FROMFIELD ="GL_DT" FROMINSTANCE ="W_REVENUE_TRANSFER" FROMINSTANCETYPE ="Source Definition" TOFIELD ="GL_DT" TOINSTANCE ="SQ_W_REVENUE_TRANSFER" TOINSTANCETYPE ="Source Qualifier"/>
        <CONNECTOR FROMFIELD ="OFFER_ATTRBTN_ID_INT" FROMINSTANCE ="W_REVENUE_TRANSFER" FROMINSTANCETYPE ="Source Definition" TOFIELD ="OFFER_ATTRBTN_ID_INT" TOINSTANCE ="SQ_W_REVENUE_TRANSFER" TOINSTANCETYPE ="Source Qualifier"/>
        <CONNECTOR FROMFIELD ="DV_ATTRBTN_PRNT_SLSORD_LN_KEY" FROMINSTANCE ="W_REVENUE_TRANSFER" FROMINSTANCETYPE ="Source Definition" TOFIELD ="DV_ATTRBTN_PRNT_SLSORD_LN_KEY" TOINSTANCE ="SQ_W_REVENUE_TRANSFER" TOINSTANCETYPE ="Source Qualifier"/>
        <CONNECTOR FROMFIELD ="ATTRBTN_CD" FROMINSTANCE ="W_REVENUE_TRANSFER" FROMINSTANCETYPE ="Source Definition" TOFIELD ="ATTRBTN_CD" TOINSTANCE ="SQ_W_REVENUE_TRANSFER" TOINSTANCETYPE ="Source Qualifier"/>
        <CONNECTOR FROMFIELD ="ATTRBTN_SS_CD" FROMINSTANCE ="W_REVENUE_TRANSFER" FROMINSTANCETYPE ="Source Definition" TOFIELD ="ATTRBTN_SS_CD" TOINSTANCE ="SQ_W_REVENUE_TRANSFER" TOINSTANCETYPE ="Source Qualifier"/>
        <CONNECTOR FROMFIELD ="AR_TRANSACTION_LINE_KEY" FROMINSTANCE ="W_REVENUE_TRANSFER" FROMINSTANCETYPE ="Source Definition" TOFIELD ="AR_TRANSACTION_LINE_KEY" TOINSTANCE ="SQ_W_REVENUE_TRANSFER" TOINSTANCETYPE ="Source Qualifier"/>
        <CONNECTOR FROMFIELD ="ELEMENT_TYPE_CD" FROMINSTANCE ="W_REVENUE_TRANSFER" FROMINSTANCETYPE ="Source Definition" TOFIELD ="ELEMENT_TYPE_CD" TOINSTANCE ="SQ_W_REVENUE_TRANSFER" TOINSTANCETYPE ="Source Qualifier"/>
        <CONNECTOR FROMFIELD ="TRANSFER_GROUP_TYPE_CD" FROMINSTANCE ="W_REVENUE_TRANSFER" FROMINSTANCETYPE ="Source Definition" TOFIELD ="TRANSFER_GROUP_TYPE_CD" TOINSTANCE ="SQ_W_REVENUE_TRANSFER" TOINSTANCETYPE ="Source Qualifier"/>
        <CONNECTOR FROMFIELD ="TRX_FUNCTIONAL_CURR_CONV_DT" FROMINSTANCE ="W_REVENUE_TRANSFER" FROMINSTANCETYPE ="Source Definition" TOFIELD ="TRX_FUNCTIONAL_CURR_CONV_DT" TOINSTANCE ="SQ_W_REVENUE_TRANSFER" TOINSTANCETYPE ="Source Qualifier"/>
        <CONNECTOR FROMFIELD ="ACCOUNT_CLASS_CD" FROMINSTANCE ="W_REVENUE_TRANSFER" FROMINSTANCETYPE ="Source Definition" TOFIELD ="ACCOUNT_CLASS_CD" TOINSTANCE ="SQ_W_REVENUE_TRANSFER" TOINSTANCETYPE ="Source Qualifier"/>
        <CONNECTOR FROMFIELD ="DEBIT_CREDIT_TYPE" FROMINSTANCE ="W_REVENUE_TRANSFER" FROMINSTANCETYPE ="Source Definition" TOFIELD ="DEBIT_CREDIT_TYPE" TOINSTANCE ="SQ_W_REVENUE_TRANSFER" TOINSTANCETYPE ="Source Qualifier"/>
        <CONNECTOR FROMFIELD ="RU_ACCOUNTING_RULE_NAME" FROMINSTANCE ="W_REVENUE_TRANSFER" FROMINSTANCETYPE ="Source Definition" TOFIELD ="RU_ACCOUNTING_RULE_NAME" TOINSTANCE ="SQ_W_REVENUE_TRANSFER" TOINSTANCETYPE ="Source Qualifier"/>
        <CONNECTOR FROMFIELD ="TRANSACTION_SOURCE_CD" FROMINSTANCE ="W_REVENUE_TRANSFER" FROMINSTANCETYPE ="Source Definition" TOFIELD ="TRANSACTION_SOURCE_CD" TOINSTANCE ="SQ_W_REVENUE_TRANSFER" TOINSTANCETYPE ="Source Qualifier"/>
        <CONNECTOR FROMFIELD ="BK_WEB_ORDER_ID" FROMINSTANCE ="W_REVENUE_TRANSFER" FROMINSTANCETYPE ="Source Definition" TOFIELD ="BK_WEB_ORDER_ID" TOINSTANCE ="SQ_W_REVENUE_TRANSFER" TOINSTANCETYPE ="Source Qualifier"/>
        <CONNECTOR FROMFIELD ="SUBSCRIPTION_ITEM_CHANGE_ID_INT" FROMINSTANCE ="W_REVENUE_TRANSFER" FROMINSTANCETYPE ="Source Definition" TOFIELD ="SUBSCRIPTION_ITEM_CHANGE_ID_INT" TOINSTANCE ="SQ_W_REVENUE_TRANSFER" TOINSTANCETYPE ="Source Qualifier"/>
        <CONNECTOR FROMFIELD ="REVENUE_TRANSFER_KEY" FROMINSTANCE ="W_REVENUE_TRANSFER" FROMINSTANCETYPE ="Source Definition" TOFIELD ="ROL_TRX_LINE_GL_DISTRI_KEY" TOINSTANCE ="SQ_W_REVENUE_TRANSFER" TOINSTANCETYPE ="Source Qualifier"/>
        <CONNECTOR FROMFIELD ="SALES_AGENT_ACTIVE_DTM" FROMINSTANCE ="W_REVENUE_TRANSFER" FROMINSTANCETYPE ="Source Definition" TOFIELD ="SALES_AGENT_ACTIVE_DTM" TOINSTANCE ="SQ_W_REVENUE_TRANSFER" TOINSTANCETYPE ="Source Qualifier"/>
        <CONNECTOR FROMFIELD ="REVENUE_TRANSFER_KEY" FROMINSTANCE ="W_REVENUE_TRANSFER" FROMINSTANCETYPE ="Source Definition" TOFIELD ="SK_TRX_DISTRI_ID_INT" TOINSTANCE ="SQ_W_REVENUE_TRANSFER" TOINSTANCETYPE ="Source Qualifier"/>
        <TARGETLOADORDER ORDER ="1" TARGETINSTANCE ="N_REVENUE_TRANSFER"/>
        <MAPPINGVARIABLE DATATYPE ="string" DEFAULTVALUE ="" DESCRIPTION ="" ISEXPRESSIONVARIABLE ="NO" ISPARAM ="YES" NAME ="$$WORKDB" PRECISION ="30" SCALE ="0" USERDEFINED ="YES"/>
        <MAPPINGVARIABLE DATATYPE ="string" DEFAULTVALUE ="" DESCRIPTION ="" ISEXPRESSIONVARIABLE ="NO" ISPARAM ="YES" NAME ="$$FINLGLDB" PRECISION ="30" SCALE ="0" USERDEFINED ="YES"/>
        <MAPPINGVARIABLE DATATYPE ="string" DEFAULTVALUE ="" DESCRIPTION ="" ISEXPRESSIONVARIABLE ="NO" ISPARAM ="YES" NAME ="$$FINLGLVWDB" PRECISION ="30" SCALE ="0" USERDEFINED ="YES"/>
        <MAPPINGVARIABLE DATATYPE ="string" DEFAULTVALUE ="" DESCRIPTION ="" ISEXPRESSIONVARIABLE ="NO" ISPARAM ="YES" NAME ="$$STGDB" PRECISION ="30" SCALE ="0" USERDEFINED ="YES"/>
        <MAPPINGVARIABLE DATATYPE ="string" DEFAULTVALUE ="" DESCRIPTION ="" ISEXPRESSIONVARIABLE ="NO" ISPARAM ="YES" NAME ="$$ETLVWDB" PRECISION ="30" SCALE ="0" USERDEFINED ="YES"/>
        <ERPINFO/>
    </MAPPING>
    <CONFIG DESCRIPTION ="Default session configuration object" ISDEFAULT ="YES" NAME ="default_session_config" VERSIONNUMBER ="5">
        <ATTRIBUTE NAME ="Advanced" VALUE =""/>
        <ATTRIBUTE NAME ="Constraint based load ordering" VALUE ="NO"/>
        <ATTRIBUTE NAME ="Cache LOOKUP() function" VALUE ="YES"/>
        <ATTRIBUTE NAME ="Default buffer block size" VALUE ="Auto"/>
        <ATTRIBUTE NAME ="Line Sequential buffer length" VALUE ="1024"/>
        <ATTRIBUTE NAME ="Maximum Memory Allowed For Auto Memory Attributes" VALUE ="512MB"/>
        <ATTRIBUTE NAME ="Maximum Percentage of Total Memory Allowed For Auto Memory Attributes" VALUE ="5"/>
        <ATTRIBUTE NAME ="Additional Concurrent Pipelines for Lookup Cache Creation" VALUE ="Auto"/>
        <ATTRIBUTE NAME ="Custom Properties" VALUE =""/>
        <ATTRIBUTE NAME ="Pre-build lookup cache" VALUE ="Auto"/>
        <ATTRIBUTE NAME ="Optimization Level" VALUE ="Medium"/>
        <ATTRIBUTE NAME ="DateTime Format String" VALUE ="MM/DD/YYYY HH24:MI:SS"/>
        <ATTRIBUTE NAME ="Pre 85 Timestamp Compatibility" VALUE ="YES"/>
        <ATTRIBUTE NAME ="Log Options" VALUE ="0"/>
        <ATTRIBUTE NAME ="Save session log by" VALUE ="Session runs"/>
        <ATTRIBUTE NAME ="Save session log for these runs" VALUE ="5"/>
        <ATTRIBUTE NAME ="Session Log File Max Size" VALUE ="0"/>
        <ATTRIBUTE NAME ="Session Log File Max Time Period" VALUE ="0"/>
        <ATTRIBUTE NAME ="Maximum Partial Session Log Files" VALUE ="1"/>
        <ATTRIBUTE NAME ="Writer Commit Statistics Log Frequency" VALUE ="1"/>
        <ATTRIBUTE NAME ="Writer Commit Statistics Log Interval" VALUE ="0"/>
        <ATTRIBUTE NAME ="Error handling" VALUE =""/>
        <ATTRIBUTE NAME ="Stop on errors" VALUE ="1"/>
        <ATTRIBUTE NAME ="Override tracing" VALUE ="None"/>
        <ATTRIBUTE NAME ="On Stored Procedure error" VALUE ="Stop"/>
        <ATTRIBUTE NAME ="On Pre-session command task error" VALUE ="Stop"/>
        <ATTRIBUTE NAME ="On Pre-Post SQL error" VALUE ="Stop"/>
        <ATTRIBUTE NAME ="Enable Recovery" VALUE ="NO"/>
        <ATTRIBUTE NAME ="Error Log Type" VALUE ="None"/>
        <ATTRIBUTE NAME ="Error Log Table Name Prefix" VALUE =""/>
        <ATTRIBUTE NAME ="Error Log File Name" VALUE ="PMError.log"/>
        <ATTRIBUTE NAME ="Log Source Row Data" VALUE ="NO"/>
        <ATTRIBUTE NAME ="Data Column Delimiter" VALUE ="|"/>
        <ATTRIBUTE NAME ="Partitioning Options" VALUE =""/>
        <ATTRIBUTE NAME ="Dynamic Partitioning" VALUE ="Disabled"/>
        <ATTRIBUTE NAME ="Number of Partitions" VALUE ="1"/>
        <ATTRIBUTE NAME ="Multiplication Factor" VALUE ="Auto"/>
        <ATTRIBUTE NAME ="Session on Grid" VALUE =""/>
        <ATTRIBUTE NAME ="Is Enabled" VALUE ="NO"/>
    </CONFIG>
    <WORKFLOW DESCRIPTION ="" ISENABLED ="YES" ISRUNNABLESERVICE ="NO" ISSERVICE ="NO" ISVALID ="YES" NAME ="wf_N_REVENUE_TRANSFER" REUSABLE_SCHEDULER ="NO" SCHEDULERNAME ="Scheduler" SERVERNAME ="EDW_Prod_961_Integration_Service" SERVER_DOMAINNAME ="Domain_EDW_Prod_961" SUSPEND_ON_ERROR ="NO" TASKS_MUST_RUN_ON_SERVER ="NO" VERSIONNUMBER ="11">
        <SCHEDULER DESCRIPTION ="" NAME ="Scheduler" REUSABLE ="NO" VERSIONNUMBER ="11">
            <SCHEDULEINFO SCHEDULETYPE ="ONDEMAND"/>
        </SCHEDULER>
        <TASK DESCRIPTION ="" NAME ="Start" REUSABLE ="NO" TYPE ="Start" VERSIONNUMBER ="11"/>
        <SESSION DESCRIPTION ="" ISVALID ="YES" MAPPINGNAME ="m_N_REVENUE_TRANSFER" NAME ="s_m_N_REVENUE_TRANSFER" REUSABLE ="NO" SORTORDER ="Binary" VERSIONNUMBER ="11">
            <SESSTRANSFORMATIONINST ISREPARTITIONPOINT ="YES" PARTITIONTYPE ="PASS THROUGH" PIPELINE ="1" SINSTANCENAME ="N_REVENUE_TRANSFER" STAGE ="1" TRANSFORMATIONNAME ="N_REVENUE_TRANSFER" TRANSFORMATIONTYPE ="Target Definition">
                <ATTRIBUTE NAME ="Table Name Prefix" VALUE ="$$FINLGLVWDB"/>
                <ATTRIBUTE NAME ="Pre SQL" VALUE ="UPDATE NRT FROM  $$FINLGLVWDB.N_REVENUE_TRANSFER NRT,&#xD;&#xA; $$WORKDB.W_REVENUE_TRANSFER  WRT &#xD;&#xA; SET&#xD;&#xA; GENERAL_LEDGER_ACCOUNT_KEY    =WRT.GENERAL_LEDGER_ACCOUNT_KEY    ,&#xD;&#xA; BK_COMPANY_CD                 =WRT.BK_COMPANY_CD                 ,&#xD;&#xA; SET_OF_BOOKS_KEY              =WRT.SET_OF_BOOKS_KEY              ,&#xD;&#xA; AR_TRANSACTION_LINE_KEY       =WRT.AR_TRANSACTION_LINE_KEY       ,&#xD;&#xA; BK_ISO_CURRENCY_CD            =WRT.BK_ISO_CURRENCY_CD            ,&#xD;&#xA; PRODUCT_KEY                   =WRT.PRODUCT_KEY                   ,&#xD;&#xA; GL_DT                         =WRT.GL_DT                         ,&#xD;&#xA; GL_POSTED_DT                  =WRT.GL_POSTED_DT                  ,&#xD;&#xA; ELEMENT_TYPE_CD               =WRT.ELEMENT_TYPE_CD               ,&#xD;&#xA; TRANSFER_GROUP_TYPE_CD        =WRT.TRANSFER_GROUP_TYPE_CD        ,&#xD;&#xA; TRX_FUNCTIONAL_CURR_CONV_DT   =WRT.TRX_FUNCTIONAL_CURR_CONV_DT   ,&#xD;&#xA; ACCOUNT_CLASS_CD              =WRT.ACCOUNT_CLASS_CD              ,&#xD;&#xA; RTE_DEAL_ID                   =WRT.RTE_DEAL_ID                   ,&#xD;&#xA; RTE_SOURCE_TYPE               =WRT.RTE_SOURCE_TYPE               ,&#xD;&#xA; RU_REV_TRNSFR_FNCTNL_CRDT_AMT =WRT.RU_REV_TRNSFR_FNCTNL_CRDT_AMT ,&#xD;&#xA; RU_REV_TRNSFR_TRXNL_CRDT_AMT  =WRT.RU_REV_TRNSFR_TRXNL_CRDT_AMT  ,&#xD;&#xA; DEBIT_CREDIT_TYPE             =WRT.DEBIT_CREDIT_TYPE             ,&#xD;&#xA; RU_ACCOUNTING_RULE_NAME       =WRT.RU_ACCOUNTING_RULE_NAME       ,&#xD;&#xA; RU_ACCOUNTING_RULE_START_DT   =WRT.RU_ACCOUNTING_RULE_START_DT   ,&#xD;&#xA; RU_ACCOUNTING_RULE_END_DT     =WRT.RU_ACCOUNTING_RULE_END_DT     ,&#xD;&#xA; RU_ACCOUNTING_RULE_DRTN_CNT   =WRT.RU_ACCOUNTING_RULE_DRTN_CNT   ,&#xD;&#xA; RU_RTE_CONTRACT_NUM           =WRT.RU_RTE_CONTRACT_NUM           ,&#xD;&#xA; RU_MANUAL_REV_TRANSFER_TYPE_CD=WRT.RU_MANUAL_REV_TRANSFER_TYPE_CD,&#xD;&#xA; RU_SALES_ORDER_LINE_KEY       =WRT.RU_SALES_ORDER_LINE_KEY       ,&#xD;&#xA; RU_REV_TRNSFR_FNCTNL_DEBIT_AMT=WRT.RU_REV_TRNSFR_FNCTNL_DEBIT_AMT,&#xD;&#xA; RU_REV_TRNSFR_TRXNL_DEBIT_AMT =WRT.RU_REV_TRNSFR_TRXNL_DEBIT_AMT ,&#xD;&#xA; EP_TRANSACTION_ID_INT         =WRT.EP_TRANSACTION_ID_INT         ,&#xD;&#xA; SK_AE_HEADER_ID_INT           =WRT.SK_AE_HEADER_ID_INT           ,&#xD;&#xA; SK_AE_LINE_NUMBER_INT           =WRT.SK_AE_LINE_NUMBER_INT       ,&#xD;&#xA; EDW_UPDATE_DTM                =CURRENT_TIMESTAMP(0)              ,        &#xD;&#xA; EDW_UPDATE_USER               =USER                              ,&#xD;&#xA; /*start: RTEQ1FY15*/ &#xD;&#xA; OFFER_ATTRBTN_ID_INT   =WRT.OFFER_ATTRBTN_ID_INT                 ,&#xD;&#xA; ATTRBTN_SS_CD          =WRT.ATTRBTN_SS_CD                        ,&#xD;&#xA; DV_ATTRBTN_PRNT_SLSORD_LN_KEY    =WRT.DV_ATTRBTN_PRNT_SLSORD_LN_KEY       ,&#xD;&#xA; ATTRBTN_CD      =WRT.ATTRBTN_CD    , &#xD;&#xA; /*RTEQ1FY15:end */ &#xD;&#xA; /*Start : Q1FY17 RTE XAAS*/&#xD;&#xA;  SALES_AGENT_ACTIVE_DTM  =WRT.SALES_AGENT_ACTIVE_DTM    ,     &#xD;&#xA;TRANSACTION_SOURCE_CD  =WRT.TRANSACTION_SOURCE_CD  ,       &#xD;&#xA;BK_WEB_ORDER_ID  =WRT.BK_WEB_ORDER_ID   ,            &#xD;&#xA;SUBSCRIPTION_ITEM_CHANGE_ID_INT=WRT.SUBSCRIPTION_ITEM_CHANGE_ID_INT  ,&#xD;&#xA;SK_TRX_DISTRI_ID_INT=WRT.SK_TRX_DISTRI_ID_INT,&#xD;&#xA;ROL_TRX_LINE_GL_DISTRI_KEY=WRT.ROL_TRX_LINE_GL_DISTRI_KEY&#xD;&#xA; /* Q1FY17 RTE XAAS : End */&#xD;&#xA; WHERE &#xD;&#xA; NRT.REVENUE_TRANSFER_KEY=  WRT.REVENUE_TRANSFER_KEY&#xD;&#xA; AND WRT.DML_TYPE=&apos;U&apos;;&#xD;&#xA;&#xD;&#xA;&#xD;&#xA; UPDATE NRT FROM $$FINLGLVWDB.N_REVENUE_TRANSFER NRT, &#xD;&#xA; $$STGDB.ST_CG_XXCFIR_REV_EXTRACT_RT  EL&#xD;&#xA; SET ELEMENT_TYPE_CD=EL.ELEMENT_TYPE,&#xD;&#xA;  RU_RTE_CONTRACT_NUM =COALESCE(EL.ATTRIBUTE10,0),  &#xD;&#xA;  RU_ACCOUNTING_RULE_DRTN_CNT =COALESCE(EL.ACCOUNTING_RULE_DURATION,0),&#xD;&#xA;       RU_ACCOUNTING_RULE_START_DT = COALESCE(CAST (EL.RULE_START_DATE  AS  DATE), DATE &apos;3500-01-01&apos;), &#xD;&#xA;       RU_ACCOUNTING_RULE_END_DT  =COALESCE(CAST(EL.RULE_END_DATE AS DATE),DATE &apos;3500-01-01&apos;),&#xD;&#xA;  RU_ACCOUNTING_RULE_NAME         =COALESCE(EL.ACCOUNTING_RULE_NAME,&apos;UNKNOWN&apos;),&#xD;&#xA;  EDW_UPDATE_DTM     =CURRENT_TIMESTAMP(0),&#xD;&#xA;     EDW_UPDATE_USER=USER&#xD;&#xA; WHERE NRT.EP_TRANSACTION_ID_INT =EL.TRANSACTION_ID;&#xD;&#xA; &#xD;&#xA; &#xD;&#xA; UPDATE NRT FROM $$FINLGLVWDB.N_REVENUE_TRANSFER NRT, &#xD;&#xA; $$STGDB.ST_CG_XLA_AE_HEADERS_AR_RT  XLA&#xD;&#xA; SET GL_DT = COALESCE(XLA.ACCOUNTING_DATE,DATE &apos;3500-01-01&apos;),&#xD;&#xA;  GL_POSTED_DT  = COALESCE (XLA.GL_TRANSFER_DATE,DATE &apos;3500-01-01&apos;),&#xD;&#xA;  EDW_UPDATE_DTM     =CURRENT_TIMESTAMP(0),&#xD;&#xA;     EDW_UPDATE_USER=USER&#xD;&#xA; WHERE NRT.SK_AE_HEADER_ID_INT     =XLA.AE_HEADER_ID;"/>
                <ATTRIBUTE NAME ="Post SQL" VALUE ="CALL COLLECT_STATS_WRAP(&apos;$$FINLGLDB&apos;,&apos;N_REVENUE_TRANSFER&apos;,&apos;D&apos;);"/>
            </SESSTRANSFORMATIONINST>
            <SESSTRANSFORMATIONINST ISREPARTITIONPOINT ="NO" PIPELINE ="0" SINSTANCENAME ="W_REVENUE_TRANSFER" STAGE ="0" TRANSFORMATIONNAME ="W_REVENUE_TRANSFER" TRANSFORMATIONTYPE ="Source Definition"/>
            <SESSTRANSFORMATIONINST ISREPARTITIONPOINT ="YES" PARTITIONTYPE ="PASS THROUGH" PIPELINE ="1" SINSTANCENAME ="SQ_W_REVENUE_TRANSFER" STAGE ="2" TRANSFORMATIONNAME ="SQ_W_REVENUE_TRANSFER" TRANSFORMATIONTYPE ="Source Qualifier"/>
            <CONFIGREFERENCE REFOBJECTNAME ="default_session_config" TYPE ="Session config">
                <ATTRIBUTE NAME ="Pre 85 Timestamp Compatibility" VALUE ="YES"/>
                <ATTRIBUTE NAME ="Save session log for these runs" VALUE ="5"/>
                <ATTRIBUTE NAME ="Stop on errors" VALUE ="1"/>
                <ATTRIBUTE NAME ="Override tracing" VALUE ="Normal"/>
            </CONFIGREFERENCE>
            <SESSIONCOMPONENT REFOBJECTNAME ="presession_variable_assignment" REUSABLE ="NO" TYPE ="Pre-session variable assignment">
                <TASK DESCRIPTION ="" NAME ="presession_variable_assignment" REUSABLE ="NO" TYPE ="Command" VERSIONNUMBER ="11">
                    <ATTRIBUTE NAME ="Fail task if any command fails" VALUE ="NO"/>
                    <ATTRIBUTE NAME ="Recovery Strategy" VALUE ="Fail task and continue workflow"/>
                </TASK>
            </SESSIONCOMPONENT>
            <SESSIONCOMPONENT REFOBJECTNAME ="postsession_success_variable_assignment" REUSABLE ="NO" TYPE ="Post-session success variable assignment">
                <TASK DESCRIPTION ="" NAME ="postsession_success_variable_assignment" REUSABLE ="NO" TYPE ="Command" VERSIONNUMBER ="11">
                    <ATTRIBUTE NAME ="Fail task if any command fails" VALUE ="NO"/>
                    <ATTRIBUTE NAME ="Recovery Strategy" VALUE ="Fail task and continue workflow"/>
                </TASK>
            </SESSIONCOMPONENT>
            <SESSIONCOMPONENT REFOBJECTNAME ="postsession_failure_variable_assignment" REUSABLE ="NO" TYPE ="Post-session failure variable assignment">
                <TASK DESCRIPTION ="" NAME ="postsession_failure_variable_assignment" REUSABLE ="NO" TYPE ="Command" VERSIONNUMBER ="11">
                    <ATTRIBUTE NAME ="Fail task if any command fails" VALUE ="NO"/>
                    <ATTRIBUTE NAME ="Recovery Strategy" VALUE ="Fail task and continue workflow"/>
                </TASK>
            </SESSIONCOMPONENT>
            <SESSIONEXTENSION NAME ="Relational Writer" SINSTANCENAME ="N_REVENUE_TRANSFER" SUBTYPE ="Relational Writer" TRANSFORMATIONTYPE ="Target Definition" TYPE ="WRITER">
                <CONNECTIONREFERENCE CNXREFNAME ="DB Connection" CONNECTIONNAME ="" CONNECTIONNUMBER ="1" CONNECTIONSUBTYPE ="" CONNECTIONTYPE ="Relational" VARIABLE ="$DBConnection_Target"/>
                <ATTRIBUTE NAME ="Target load type" VALUE ="Bulk"/>
                <ATTRIBUTE NAME ="Insert" VALUE ="YES"/>
                <ATTRIBUTE NAME ="Update as Update" VALUE ="NO"/>
                <ATTRIBUTE NAME ="Update as Insert" VALUE ="NO"/>
                <ATTRIBUTE NAME ="Update else Insert" VALUE ="NO"/>
                <ATTRIBUTE NAME ="Delete" VALUE ="NO"/>
                <ATTRIBUTE NAME ="Truncate target table option" VALUE ="NO"/>
                <ATTRIBUTE NAME ="Reject file directory" VALUE ="$PMRootDir/DATA/EDWTD_AR/reject"/>
                <ATTRIBUTE NAME ="Reject filename" VALUE ="n_revenue_transfer1.bad"/>
            </SESSIONEXTENSION>
            <SESSIONEXTENSION DSQINSTNAME ="SQ_W_REVENUE_TRANSFER" DSQINSTTYPE ="Source Qualifier" NAME ="Relational Reader" SINSTANCENAME ="W_REVENUE_TRANSFER" SUBTYPE ="Relational Reader" TRANSFORMATIONTYPE ="Source Definition" TYPE ="READER"/>
            <SESSIONEXTENSION NAME ="Relational Reader" SINSTANCENAME ="SQ_W_REVENUE_TRANSFER" SUBTYPE ="Relational Reader" TRANSFORMATIONTYPE ="Source Qualifier" TYPE ="READER">
                <CONNECTIONREFERENCE CNXREFNAME ="DB Connection" CONNECTIONNAME ="" CONNECTIONNUMBER ="1" CONNECTIONSUBTYPE ="" CONNECTIONTYPE ="Relational" VARIABLE ="$DBConnection_Source"/>
            </SESSIONEXTENSION>
            <ATTRIBUTE NAME ="General Options" VALUE =""/>
            <ATTRIBUTE NAME ="Write Backward Compatible Session Log File" VALUE ="NO"/>
            <ATTRIBUTE NAME ="Session Log File Name" VALUE ="s_m_N_REVENUE_TRANSFER.log"/>
            <ATTRIBUTE NAME ="Session Log File directory" VALUE ="$PMSessionLogDir&#x5c;"/>
            <ATTRIBUTE NAME ="Parameter Filename" VALUE ="$PMRootDir/ctrl/db.parm"/>
            <ATTRIBUTE NAME ="Enable Test Load" VALUE ="NO"/>
            <ATTRIBUTE NAME ="$Source connection value" VALUE =""/>
            <ATTRIBUTE NAME ="$Target connection value" VALUE =""/>
            <ATTRIBUTE NAME ="Treat source rows as" VALUE ="Insert"/>
            <ATTRIBUTE NAME ="Commit Type" VALUE ="Target"/>
            <ATTRIBUTE NAME ="Commit Interval" VALUE ="10000"/>
            <ATTRIBUTE NAME ="Commit On End Of File" VALUE ="YES"/>
            <ATTRIBUTE NAME ="Rollback Transactions on Errors" VALUE ="NO"/>
            <ATTRIBUTE NAME ="Recovery Strategy" VALUE ="Fail task and continue workflow"/>
            <ATTRIBUTE NAME ="Java Classpath" VALUE =""/>
            <ATTRIBUTE NAME ="Performance" VALUE =""/>
            <ATTRIBUTE NAME ="DTM buffer size" VALUE ="Auto"/>
            <ATTRIBUTE NAME ="Collect performance data" VALUE ="NO"/>
            <ATTRIBUTE NAME ="Write performance data to repository" VALUE ="NO"/>
            <ATTRIBUTE NAME ="Incremental Aggregation" VALUE ="NO"/>
            <ATTRIBUTE NAME ="Enable high precision" VALUE ="NO"/>
            <ATTRIBUTE NAME ="Session retry on deadlock" VALUE ="NO"/>
            <ATTRIBUTE NAME ="Pushdown Optimization" VALUE ="Full"/>
            <ATTRIBUTE NAME ="Allow Temporary View for Pushdown" VALUE ="NO"/>
            <ATTRIBUTE NAME ="Allow Temporary Sequence for Pushdown" VALUE ="NO"/>
            <ATTRIBUTE NAME ="Allow Pushdown for User Incompatible Connections" VALUE ="NO"/>
        </SESSION>
        <TASKINSTANCE DESCRIPTION ="" FAIL_PARENT_IF_INSTANCE_DID_NOT_RUN ="YES" FAIL_PARENT_IF_INSTANCE_FAILS ="YES" ISENABLED ="YES" NAME ="s_m_N_REVENUE_TRANSFER" REUSABLE ="NO" TASKNAME ="s_m_N_REVENUE_TRANSFER" TASKTYPE ="Session" TREAT_INPUTLINK_AS_AND ="YES"/>
        <TASKINSTANCE DESCRIPTION ="" ISENABLED ="YES" NAME ="Start" REUSABLE ="NO" TASKNAME ="Start" TASKTYPE ="Start"/>
        <WORKFLOWLINK CONDITION ="" FROMTASK ="Start" TOTASK ="s_m_N_REVENUE_TRANSFER"/>
        <WORKFLOWVARIABLE DATATYPE ="date/time" DEFAULTVALUE ="" DESCRIPTION ="The time this task started" ISNULL ="NO" ISPERSISTENT ="NO" NAME ="$s_m_N_REVENUE_TRANSFER.StartTime" USERDEFINED ="NO"/>
        <WORKFLOWVARIABLE DATATYPE ="date/time" DEFAULTVALUE ="" DESCRIPTION ="The time this task completed" ISNULL ="NO" ISPERSISTENT ="NO" NAME ="$s_m_N_REVENUE_TRANSFER.EndTime" USERDEFINED ="NO"/>
        <WORKFLOWVARIABLE DATATYPE ="integer" DEFAULTVALUE ="" DESCRIPTION ="Status of this task&apos;s execution" ISNULL ="NO" ISPERSISTENT ="NO" NAME ="$s_m_N_REVENUE_TRANSFER.Status" USERDEFINED ="NO"/>
        <WORKFLOWVARIABLE DATATYPE ="integer" DEFAULTVALUE ="" DESCRIPTION ="Status of the previous task that is not disabled" ISNULL ="NO" ISPERSISTENT ="NO" NAME ="$s_m_N_REVENUE_TRANSFER.PrevTaskStatus" USERDEFINED ="NO"/>
        <WORKFLOWVARIABLE DATATYPE ="integer" DEFAULTVALUE ="" DESCRIPTION ="Error code for this task&apos;s execution" ISNULL ="NO" ISPERSISTENT ="NO" NAME ="$s_m_N_REVENUE_TRANSFER.ErrorCode" USERDEFINED ="NO"/>
        <WORKFLOWVARIABLE DATATYPE ="string" DEFAULTVALUE ="" DESCRIPTION ="Error message for this task&apos;s execution" ISNULL ="NO" ISPERSISTENT ="NO" NAME ="$s_m_N_REVENUE_TRANSFER.ErrorMsg" USERDEFINED ="NO"/>
        <WORKFLOWVARIABLE DATATYPE ="integer" DEFAULTVALUE ="" DESCRIPTION ="Rows successfully read" ISNULL ="NO" ISPERSISTENT ="NO" NAME ="$s_m_N_REVENUE_TRANSFER.SrcSuccessRows" USERDEFINED ="NO"/>
        <WORKFLOWVARIABLE DATATYPE ="integer" DEFAULTVALUE ="" DESCRIPTION ="Rows failed to read" ISNULL ="NO" ISPERSISTENT ="NO" NAME ="$s_m_N_REVENUE_TRANSFER.SrcFailedRows" USERDEFINED ="NO"/>
        <WORKFLOWVARIABLE DATATYPE ="integer" DEFAULTVALUE ="" DESCRIPTION ="Rows successfully loaded" ISNULL ="NO" ISPERSISTENT ="NO" NAME ="$s_m_N_REVENUE_TRANSFER.TgtSuccessRows" USERDEFINED ="NO"/>
        <WORKFLOWVARIABLE DATATYPE ="integer" DEFAULTVALUE ="" DESCRIPTION ="Rows failed to load" ISNULL ="NO" ISPERSISTENT ="NO" NAME ="$s_m_N_REVENUE_TRANSFER.TgtFailedRows" USERDEFINED ="NO"/>
        <WORKFLOWVARIABLE DATATYPE ="integer" DEFAULTVALUE ="" DESCRIPTION ="Total number of transformation errors" ISNULL ="NO" ISPERSISTENT ="NO" NAME ="$s_m_N_REVENUE_TRANSFER.TotalTransErrors" USERDEFINED ="NO"/>
        <WORKFLOWVARIABLE DATATYPE ="integer" DEFAULTVALUE ="" DESCRIPTION ="First error code" ISNULL ="NO" ISPERSISTENT ="NO" NAME ="$s_m_N_REVENUE_TRANSFER.FirstErrorCode" USERDEFINED ="NO"/>
        <WORKFLOWVARIABLE DATATYPE ="string" DEFAULTVALUE ="" DESCRIPTION ="First error message" ISNULL ="NO" ISPERSISTENT ="NO" NAME ="$s_m_N_REVENUE_TRANSFER.FirstErrorMsg" USERDEFINED ="NO"/>
        <WORKFLOWVARIABLE DATATYPE ="date/time" DEFAULTVALUE ="" DESCRIPTION ="The time this task started" ISNULL ="NO" ISPERSISTENT ="NO" NAME ="$Start.StartTime" USERDEFINED ="NO"/>
        <WORKFLOWVARIABLE DATATYPE ="date/time" DEFAULTVALUE ="" DESCRIPTION ="The time this task completed" ISNULL ="NO" ISPERSISTENT ="NO" NAME ="$Start.EndTime" USERDEFINED ="NO"/>
        <WORKFLOWVARIABLE DATATYPE ="integer" DEFAULTVALUE ="" DESCRIPTION ="Status of this task&apos;s execution" ISNULL ="NO" ISPERSISTENT ="NO" NAME ="$Start.Status" USERDEFINED ="NO"/>
        <WORKFLOWVARIABLE DATATYPE ="integer" DEFAULTVALUE ="" DESCRIPTION ="Status of the previous task that is not disabled" ISNULL ="NO" ISPERSISTENT ="NO" NAME ="$Start.PrevTaskStatus" USERDEFINED ="NO"/>
        <WORKFLOWVARIABLE DATATYPE ="integer" DEFAULTVALUE ="" DESCRIPTION ="Error code for this task&apos;s execution" ISNULL ="NO" ISPERSISTENT ="NO" NAME ="$Start.ErrorCode" USERDEFINED ="NO"/>
        <WORKFLOWVARIABLE DATATYPE ="string" DEFAULTVALUE ="" DESCRIPTION ="Error message for this task&apos;s execution" ISNULL ="NO" ISPERSISTENT ="NO" NAME ="$Start.ErrorMsg" USERDEFINED ="NO"/>
        <ATTRIBUTE NAME ="Parameter Filename" VALUE =""/>
        <ATTRIBUTE NAME ="Write Backward Compatible Workflow Log File" VALUE ="NO"/>
        <ATTRIBUTE NAME ="Workflow Log File Name" VALUE ="wf_N_REVENUE_TRANSFER.log"/>
        <ATTRIBUTE NAME ="Workflow Log File Directory" VALUE ="$PMWorkflowLogDir&#x5c;"/>
        <ATTRIBUTE NAME ="Save Workflow log by" VALUE ="By runs"/>
        <ATTRIBUTE NAME ="Save workflow log for these runs" VALUE ="0"/>
        <ATTRIBUTE NAME ="Service Name" VALUE =""/>
        <ATTRIBUTE NAME ="Service Timeout" VALUE ="0"/>
        <ATTRIBUTE NAME ="Is Service Visible" VALUE ="NO"/>
        <ATTRIBUTE NAME ="Is Service Protected" VALUE ="NO"/>
        <ATTRIBUTE NAME ="Fail task after wait time" VALUE ="0"/>
        <ATTRIBUTE NAME ="Enable HA recovery" VALUE ="NO"/>
        <ATTRIBUTE NAME ="Automatically recover terminated tasks" VALUE ="NO"/>
        <ATTRIBUTE NAME ="Service Level Name" VALUE ="Default"/>
        <ATTRIBUTE NAME ="Allow concurrent run with unique run instance name" VALUE ="NO"/>
        <ATTRIBUTE NAME ="Allow concurrent run with same run instance name" VALUE ="NO"/>
        <ATTRIBUTE NAME ="Maximum number of concurrent runs" VALUE ="0"/>
        <ATTRIBUTE NAME ="Assigned Web Services Hubs" VALUE =""/>
        <ATTRIBUTE NAME ="Maximum number of concurrent runs per Hub" VALUE ="1000"/>
        <ATTRIBUTE NAME ="Expected Service Time" VALUE ="1"/>
    </WORKFLOW>
</FOLDER>
</REPOSITORY>
</POWERMART>