<?xml version="1.0" encoding="UTF-8"?>
<!DOCTYPE POWERMART SYSTEM "powrmart.dtd">
<POWERMART CREATION_DATE="07/31/2017 15:46:54" REPOSITORY_VERSION="186.95">
<REPOSITORY NAME="EDW_Extract_DV4_Dev_101" VERSION="186" CODEPAGE="UTF-8" DATABASETYPE="Oracle">
<FOLDER NAME="EDWTDP_DISE_TD" GROUP="" OWNER="infoadm" SHARED="NOTSHARED" DESCRIPTION="June Release - Extract Application - Folder name to be created is EDWTDP_DISE_TD" PERMISSIONS="rwx---r--" UUID="af48d899-60ed-43e8-b844-b374168de372">
    <SOURCE BUSINESSNAME ="" DATABASETYPE ="Teradata" DBDNAME ="TDDEV" DESCRIPTION ="" NAME ="PV_SALES_HIERARCHY" OBJECTVERSION ="1" OWNERNAME ="DISEPVWDB_DV4" VERSIONNUMBER ="1">
        <SOURCEFIELD BUSINESSNAME ="" DATATYPE ="integer" DESCRIPTION ="" FIELDNUMBER ="1" FIELDPROPERTY ="0" FIELDTYPE ="ELEMITEM" HIDDEN ="NO" KEYTYPE ="NOT A KEY" LENGTH ="11" LEVEL ="0" NAME ="SALES_TERRITORY_KEY" NULLABLE ="NOTNULL" OCCURS ="0" OFFSET ="0" PHYSICALLENGTH ="10" PHYSICALOFFSET ="0" PICTURETEXT ="" PRECISION ="10" SCALE ="0" USAGE_FLAGS =""/>
        <SOURCEFIELD BUSINESSNAME ="" DATATYPE ="varchar" DESCRIPTION ="" FIELDNUMBER ="2" FIELDPROPERTY ="0" FIELDTYPE ="ELEMITEM" HIDDEN ="NO" KEYTYPE ="NOT A KEY" LENGTH ="0" LEVEL ="0" NAME ="L0_SALES_TERRITORY_NAME_CODE" NULLABLE ="NULL" OCCURS ="0" OFFSET ="11" PHYSICALLENGTH ="255" PHYSICALOFFSET ="10" PICTURETEXT ="" PRECISION ="255" SCALE ="0" USAGE_FLAGS =""/>
        <SOURCEFIELD BUSINESSNAME ="" DATATYPE ="varchar" DESCRIPTION ="" FIELDNUMBER ="3" FIELDPROPERTY ="0" FIELDTYPE ="ELEMITEM" HIDDEN ="NO" KEYTYPE ="NOT A KEY" LENGTH ="0" LEVEL ="0" NAME ="L1_SALES_TERRITORY_NAME_CODE" NULLABLE ="NOTNULL" OCCURS ="0" OFFSET ="11" PHYSICALLENGTH ="255" PHYSICALOFFSET ="265" PICTURETEXT ="" PRECISION ="255" SCALE ="0" USAGE_FLAGS =""/>
        <SOURCEFIELD BUSINESSNAME ="" DATATYPE ="varchar" DESCRIPTION ="" FIELDNUMBER ="4" FIELDPROPERTY ="0" FIELDTYPE ="ELEMITEM" HIDDEN ="NO" KEYTYPE ="NOT A KEY" LENGTH ="0" LEVEL ="0" NAME ="L2_SALES_TERRITORY_NAME_CODE" NULLABLE ="NULL" OCCURS ="0" OFFSET ="11" PHYSICALLENGTH ="255" PHYSICALOFFSET ="520" PICTURETEXT ="" PRECISION ="255" SCALE ="0" USAGE_FLAGS =""/>
        <SOURCEFIELD BUSINESSNAME ="" DATATYPE ="varchar" DESCRIPTION ="" FIELDNUMBER ="5" FIELDPROPERTY ="0" FIELDTYPE ="ELEMITEM" HIDDEN ="NO" KEYTYPE ="NOT A KEY" LENGTH ="0" LEVEL ="0" NAME ="L3_SALES_TERRITORY_NAME_CODE" NULLABLE ="NULL" OCCURS ="0" OFFSET ="11" PHYSICALLENGTH ="255" PHYSICALOFFSET ="775" PICTURETEXT ="" PRECISION ="255" SCALE ="0" USAGE_FLAGS =""/>
        <SOURCEFIELD BUSINESSNAME ="" DATATYPE ="varchar" DESCRIPTION ="" FIELDNUMBER ="6" FIELDPROPERTY ="0" FIELDTYPE ="ELEMITEM" HIDDEN ="NO" KEYTYPE ="NOT A KEY" LENGTH ="0" LEVEL ="0" NAME ="L4_SALES_TERRITORY_NAME_CODE" NULLABLE ="NULL" OCCURS ="0" OFFSET ="11" PHYSICALLENGTH ="255" PHYSICALOFFSET ="1030" PICTURETEXT ="" PRECISION ="255" SCALE ="0" USAGE_FLAGS =""/>
        <SOURCEFIELD BUSINESSNAME ="" DATATYPE ="varchar" DESCRIPTION ="" FIELDNUMBER ="7" FIELDPROPERTY ="0" FIELDTYPE ="ELEMITEM" HIDDEN ="NO" KEYTYPE ="NOT A KEY" LENGTH ="0" LEVEL ="0" NAME ="L5_SALES_TERRITORY_NAME_CODE" NULLABLE ="NULL" OCCURS ="0" OFFSET ="11" PHYSICALLENGTH ="255" PHYSICALOFFSET ="1285" PICTURETEXT ="" PRECISION ="255" SCALE ="0" USAGE_FLAGS =""/>
        <SOURCEFIELD BUSINESSNAME ="" DATATYPE ="varchar" DESCRIPTION ="" FIELDNUMBER ="8" FIELDPROPERTY ="0" FIELDTYPE ="ELEMITEM" HIDDEN ="NO" KEYTYPE ="NOT A KEY" LENGTH ="0" LEVEL ="0" NAME ="L6_SALES_TERRITORY_NAME_CODE" NULLABLE ="NULL" OCCURS ="0" OFFSET ="11" PHYSICALLENGTH ="255" PHYSICALOFFSET ="1540" PICTURETEXT ="" PRECISION ="255" SCALE ="0" USAGE_FLAGS =""/>
        <SOURCEFIELD BUSINESSNAME ="" DATATYPE ="varchar" DESCRIPTION ="" FIELDNUMBER ="9" FIELDPROPERTY ="0" FIELDTYPE ="ELEMITEM" HIDDEN ="NO" KEYTYPE ="NOT A KEY" LENGTH ="0" LEVEL ="0" NAME ="L7_SALES_TERRITORY_NAME_CODE" NULLABLE ="NULL" OCCURS ="0" OFFSET ="11" PHYSICALLENGTH ="255" PHYSICALOFFSET ="1795" PICTURETEXT ="" PRECISION ="255" SCALE ="0" USAGE_FLAGS =""/>
        <SOURCEFIELD BUSINESSNAME ="" DATATYPE ="date" DESCRIPTION ="" FIELDNUMBER ="10" FIELDPROPERTY ="0" FIELDTYPE ="ELEMITEM" HIDDEN ="NO" KEYTYPE ="NOT A KEY" LENGTH ="19" LEVEL ="0" NAME ="SALES_TERR_EFFECTIVE_DATE" NULLABLE ="NULL" OCCURS ="0" OFFSET ="11" PHYSICALLENGTH ="10" PHYSICALOFFSET ="2050" PICTURETEXT ="" PRECISION ="10" SCALE ="0" USAGE_FLAGS =""/>
        <SOURCEFIELD BUSINESSNAME ="" DATATYPE ="date" DESCRIPTION ="" FIELDNUMBER ="11" FIELDPROPERTY ="0" FIELDTYPE ="ELEMITEM" HIDDEN ="NO" KEYTYPE ="NOT A KEY" LENGTH ="19" LEVEL ="0" NAME ="SALES_TERR_EXPIRATION_DATE" NULLABLE ="NULL" OCCURS ="0" OFFSET ="30" PHYSICALLENGTH ="10" PHYSICALOFFSET ="2060" PICTURETEXT ="" PRECISION ="10" SCALE ="0" USAGE_FLAGS =""/>
        <SOURCEFIELD BUSINESSNAME ="" DATATYPE ="varchar" DESCRIPTION ="" FIELDNUMBER ="12" FIELDPROPERTY ="0" FIELDTYPE ="ELEMITEM" HIDDEN ="NO" KEYTYPE ="NOT A KEY" LENGTH ="0" LEVEL ="0" NAME ="SALES_COVERAGE_CODE" NULLABLE ="NULL" OCCURS ="0" OFFSET ="49" PHYSICALLENGTH ="100" PHYSICALOFFSET ="2070" PICTURETEXT ="" PRECISION ="100" SCALE ="0" USAGE_FLAGS =""/>
        <SOURCEFIELD BUSINESSNAME ="" DATATYPE ="varchar" DESCRIPTION ="" FIELDNUMBER ="13" FIELDPROPERTY ="0" FIELDTYPE ="ELEMITEM" HIDDEN ="NO" KEYTYPE ="NOT A KEY" LENGTH ="0" LEVEL ="0" NAME ="SALES_SUBCOVERAGE_CODE" NULLABLE ="NULL" OCCURS ="0" OFFSET ="49" PHYSICALLENGTH ="100" PHYSICALOFFSET ="2170" PICTURETEXT ="" PRECISION ="100" SCALE ="0" USAGE_FLAGS =""/>
        <SOURCEFIELD BUSINESSNAME ="" DATATYPE ="char" DESCRIPTION ="" FIELDNUMBER ="14" FIELDPROPERTY ="0" FIELDTYPE ="ELEMITEM" HIDDEN ="NO" KEYTYPE ="NOT A KEY" LENGTH ="0" LEVEL ="0" NAME ="HAS_COUNTRY_ROLE" NULLABLE ="NULL" OCCURS ="0" OFFSET ="49" PHYSICALLENGTH ="1" PHYSICALOFFSET ="2270" PICTURETEXT ="" PRECISION ="1" SCALE ="0" USAGE_FLAGS =""/>
        <SOURCEFIELD BUSINESSNAME ="" DATATYPE ="char" DESCRIPTION ="" FIELDNUMBER ="15" FIELDPROPERTY ="0" FIELDTYPE ="ELEMITEM" HIDDEN ="NO" KEYTYPE ="NOT A KEY" LENGTH ="0" LEVEL ="0" NAME ="SALES_TERRITORY_NODE_TYPE" NULLABLE ="NULL" OCCURS ="0" OFFSET ="49" PHYSICALLENGTH ="6" PHYSICALOFFSET ="2271" PICTURETEXT ="" PRECISION ="6" SCALE ="0" USAGE_FLAGS =""/>
        <SOURCEFIELD BUSINESSNAME ="" DATATYPE ="char" DESCRIPTION ="" FIELDNUMBER ="16" FIELDPROPERTY ="0" FIELDTYPE ="ELEMITEM" HIDDEN ="NO" KEYTYPE ="NOT A KEY" LENGTH ="0" LEVEL ="0" NAME ="ISO_COUNTRY_CODE" NULLABLE ="NULL" OCCURS ="0" OFFSET ="49" PHYSICALLENGTH ="3" PHYSICALOFFSET ="2277" PICTURETEXT ="" PRECISION ="3" SCALE ="0" USAGE_FLAGS =""/>
        <SOURCEFIELD BUSINESSNAME ="" DATATYPE ="varchar" DESCRIPTION ="" FIELDNUMBER ="17" FIELDPROPERTY ="0" FIELDTYPE ="ELEMITEM" HIDDEN ="NO" KEYTYPE ="NOT A KEY" LENGTH ="0" LEVEL ="0" NAME ="SALES_STRUCTURE_VER_NAME" NULLABLE ="NULL" OCCURS ="0" OFFSET ="49" PHYSICALLENGTH ="255" PHYSICALOFFSET ="2280" PICTURETEXT ="" PRECISION ="255" SCALE ="0" USAGE_FLAGS =""/>
        <SOURCEFIELD BUSINESSNAME ="" DATATYPE ="char" DESCRIPTION ="" FIELDNUMBER ="18" FIELDPROPERTY ="0" FIELDTYPE ="ELEMITEM" HIDDEN ="NO" KEYTYPE ="NOT A KEY" LENGTH ="0" LEVEL ="0" NAME ="SALES_STRUCTURE_TYPE" NULLABLE ="NULL" OCCURS ="0" OFFSET ="49" PHYSICALLENGTH ="7" PHYSICALOFFSET ="2535" PICTURETEXT ="" PRECISION ="7" SCALE ="0" USAGE_FLAGS =""/>
        <SOURCEFIELD BUSINESSNAME ="" DATATYPE ="integer" DESCRIPTION ="" FIELDNUMBER ="19" FIELDPROPERTY ="0" FIELDTYPE ="ELEMITEM" HIDDEN ="NO" KEYTYPE ="NOT A KEY" LENGTH ="11" LEVEL ="0" NAME ="SS_ERP_VERSION_ID_INT" NULLABLE ="NULL" OCCURS ="0" OFFSET ="49" PHYSICALLENGTH ="10" PHYSICALOFFSET ="2542" PICTURETEXT ="" PRECISION ="10" SCALE ="0" USAGE_FLAGS =""/>
        <SOURCEFIELD BUSINESSNAME ="" DATATYPE ="varchar" DESCRIPTION ="" FIELDNUMBER ="20" FIELDPROPERTY ="0" FIELDTYPE ="ELEMITEM" HIDDEN ="NO" KEYTYPE ="NOT A KEY" LENGTH ="0" LEVEL ="0" NAME ="SALES_TERRITORY_DESCR" NULLABLE ="NULL" OCCURS ="0" OFFSET ="60" PHYSICALLENGTH ="255" PHYSICALOFFSET ="2552" PICTURETEXT ="" PRECISION ="255" SCALE ="0" USAGE_FLAGS =""/>
        <SOURCEFIELD BUSINESSNAME ="" DATATYPE ="varchar" DESCRIPTION ="" FIELDNUMBER ="21" FIELDPROPERTY ="0" FIELDTYPE ="ELEMITEM" HIDDEN ="NO" KEYTYPE ="NOT A KEY" LENGTH ="0" LEVEL ="0" NAME ="L1_SALES_TERRITORY_DESCR" NULLABLE ="NULL" OCCURS ="0" OFFSET ="60" PHYSICALLENGTH ="255" PHYSICALOFFSET ="2807" PICTURETEXT ="" PRECISION ="255" SCALE ="0" USAGE_FLAGS =""/>
        <SOURCEFIELD BUSINESSNAME ="" DATATYPE ="varchar" DESCRIPTION ="" FIELDNUMBER ="22" FIELDPROPERTY ="0" FIELDTYPE ="ELEMITEM" HIDDEN ="NO" KEYTYPE ="NOT A KEY" LENGTH ="0" LEVEL ="0" NAME ="L2_SALES_TERRITORY_DESCR" NULLABLE ="NULL" OCCURS ="0" OFFSET ="60" PHYSICALLENGTH ="255" PHYSICALOFFSET ="3062" PICTURETEXT ="" PRECISION ="255" SCALE ="0" USAGE_FLAGS =""/>
        <SOURCEFIELD BUSINESSNAME ="" DATATYPE ="varchar" DESCRIPTION ="" FIELDNUMBER ="23" FIELDPROPERTY ="0" FIELDTYPE ="ELEMITEM" HIDDEN ="NO" KEYTYPE ="NOT A KEY" LENGTH ="0" LEVEL ="0" NAME ="L3_SALES_TERRITORY_DESCR" NULLABLE ="NULL" OCCURS ="0" OFFSET ="60" PHYSICALLENGTH ="255" PHYSICALOFFSET ="3317" PICTURETEXT ="" PRECISION ="255" SCALE ="0" USAGE_FLAGS =""/>
        <SOURCEFIELD BUSINESSNAME ="" DATATYPE ="varchar" DESCRIPTION ="" FIELDNUMBER ="24" FIELDPROPERTY ="0" FIELDTYPE ="ELEMITEM" HIDDEN ="NO" KEYTYPE ="NOT A KEY" LENGTH ="0" LEVEL ="0" NAME ="L4_SALES_TERRITORY_DESCR" NULLABLE ="NULL" OCCURS ="0" OFFSET ="60" PHYSICALLENGTH ="255" PHYSICALOFFSET ="3572" PICTURETEXT ="" PRECISION ="255" SCALE ="0" USAGE_FLAGS =""/>
        <SOURCEFIELD BUSINESSNAME ="" DATATYPE ="varchar" DESCRIPTION ="" FIELDNUMBER ="25" FIELDPROPERTY ="0" FIELDTYPE ="ELEMITEM" HIDDEN ="NO" KEYTYPE ="NOT A KEY" LENGTH ="0" LEVEL ="0" NAME ="L5_SALES_TERRITORY_DESCR" NULLABLE ="NULL" OCCURS ="0" OFFSET ="60" PHYSICALLENGTH ="255" PHYSICALOFFSET ="3827" PICTURETEXT ="" PRECISION ="255" SCALE ="0" USAGE_FLAGS =""/>
        <SOURCEFIELD BUSINESSNAME ="" DATATYPE ="varchar" DESCRIPTION ="" FIELDNUMBER ="26" FIELDPROPERTY ="0" FIELDTYPE ="ELEMITEM" HIDDEN ="NO" KEYTYPE ="NOT A KEY" LENGTH ="0" LEVEL ="0" NAME ="L6_SALES_TERRITORY_DESCR" NULLABLE ="NULL" OCCURS ="0" OFFSET ="60" PHYSICALLENGTH ="255" PHYSICALOFFSET ="4082" PICTURETEXT ="" PRECISION ="255" SCALE ="0" USAGE_FLAGS =""/>
        <SOURCEFIELD BUSINESSNAME ="" DATATYPE ="varchar" DESCRIPTION ="" FIELDNUMBER ="27" FIELDPROPERTY ="0" FIELDTYPE ="ELEMITEM" HIDDEN ="NO" KEYTYPE ="NOT A KEY" LENGTH ="0" LEVEL ="0" NAME ="L7_SALES_TERRITORY_DESCR" NULLABLE ="NULL" OCCURS ="0" OFFSET ="60" PHYSICALLENGTH ="255" PHYSICALOFFSET ="4337" PICTURETEXT ="" PRECISION ="255" SCALE ="0" USAGE_FLAGS =""/>
        <SOURCEFIELD BUSINESSNAME ="" DATATYPE ="varchar" DESCRIPTION ="" FIELDNUMBER ="28" FIELDPROPERTY ="0" FIELDTYPE ="ELEMITEM" HIDDEN ="NO" KEYTYPE ="NOT A KEY" LENGTH ="0" LEVEL ="0" NAME ="BK_SALES_TERRITORY_NAME" NULLABLE ="NULL" OCCURS ="0" OFFSET ="60" PHYSICALLENGTH ="255" PHYSICALOFFSET ="4592" PICTURETEXT ="" PRECISION ="255" SCALE ="0" USAGE_FLAGS =""/>
        <SOURCEFIELD BUSINESSNAME ="" DATATYPE ="varchar" DESCRIPTION ="" FIELDNUMBER ="29" FIELDPROPERTY ="0" FIELDTYPE ="ELEMITEM" HIDDEN ="NO" KEYTYPE ="NOT A KEY" LENGTH ="0" LEVEL ="0" NAME ="SALES_TERRITORY_TYPE_CODE" NULLABLE ="NULL" OCCURS ="0" OFFSET ="60" PHYSICALLENGTH ="50" PHYSICALOFFSET ="4847" PICTURETEXT ="" PRECISION ="50" SCALE ="0" USAGE_FLAGS =""/>
        <SOURCEFIELD BUSINESSNAME ="" DATATYPE ="varchar" DESCRIPTION ="" FIELDNUMBER ="30" FIELDPROPERTY ="0" FIELDTYPE ="ELEMITEM" HIDDEN ="NO" KEYTYPE ="NOT A KEY" LENGTH ="0" LEVEL ="0" NAME ="L1_SALES_TERRITORY_SORT_DESCR" NULLABLE ="NULL" OCCURS ="0" OFFSET ="60" PHYSICALLENGTH ="255" PHYSICALOFFSET ="4897" PICTURETEXT ="" PRECISION ="255" SCALE ="0" USAGE_FLAGS =""/>
        <SOURCEFIELD BUSINESSNAME ="" DATATYPE ="varchar" DESCRIPTION ="" FIELDNUMBER ="31" FIELDPROPERTY ="0" FIELDTYPE ="ELEMITEM" HIDDEN ="NO" KEYTYPE ="NOT A KEY" LENGTH ="0" LEVEL ="0" NAME ="L2_SALES_TERRITORY_SORT_DESCR" NULLABLE ="NULL" OCCURS ="0" OFFSET ="60" PHYSICALLENGTH ="255" PHYSICALOFFSET ="5152" PICTURETEXT ="" PRECISION ="255" SCALE ="0" USAGE_FLAGS =""/>
        <SOURCEFIELD BUSINESSNAME ="" DATATYPE ="varchar" DESCRIPTION ="" FIELDNUMBER ="32" FIELDPROPERTY ="0" FIELDTYPE ="ELEMITEM" HIDDEN ="NO" KEYTYPE ="NOT A KEY" LENGTH ="0" LEVEL ="0" NAME ="L3_SALES_TERRITORY_SORT_DESCR" NULLABLE ="NULL" OCCURS ="0" OFFSET ="60" PHYSICALLENGTH ="255" PHYSICALOFFSET ="5407" PICTURETEXT ="" PRECISION ="255" SCALE ="0" USAGE_FLAGS =""/>
        <SOURCEFIELD BUSINESSNAME ="" DATATYPE ="varchar" DESCRIPTION ="" FIELDNUMBER ="33" FIELDPROPERTY ="0" FIELDTYPE ="ELEMITEM" HIDDEN ="NO" KEYTYPE ="NOT A KEY" LENGTH ="0" LEVEL ="0" NAME ="L4_SALES_TERRITORY_SORT_DESCR" NULLABLE ="NULL" OCCURS ="0" OFFSET ="60" PHYSICALLENGTH ="255" PHYSICALOFFSET ="5662" PICTURETEXT ="" PRECISION ="255" SCALE ="0" USAGE_FLAGS =""/>
        <SOURCEFIELD BUSINESSNAME ="" DATATYPE ="varchar" DESCRIPTION ="" FIELDNUMBER ="34" FIELDPROPERTY ="0" FIELDTYPE ="ELEMITEM" HIDDEN ="NO" KEYTYPE ="NOT A KEY" LENGTH ="0" LEVEL ="0" NAME ="L5_SALES_TERRITORY_SORT_DESCR" NULLABLE ="NULL" OCCURS ="0" OFFSET ="60" PHYSICALLENGTH ="255" PHYSICALOFFSET ="5917" PICTURETEXT ="" PRECISION ="255" SCALE ="0" USAGE_FLAGS =""/>
        <SOURCEFIELD BUSINESSNAME ="" DATATYPE ="varchar" DESCRIPTION ="" FIELDNUMBER ="35" FIELDPROPERTY ="0" FIELDTYPE ="ELEMITEM" HIDDEN ="NO" KEYTYPE ="NOT A KEY" LENGTH ="0" LEVEL ="0" NAME ="L6_SALES_TERRITORY_SORT_DESCR" NULLABLE ="NULL" OCCURS ="0" OFFSET ="60" PHYSICALLENGTH ="255" PHYSICALOFFSET ="6172" PICTURETEXT ="" PRECISION ="255" SCALE ="0" USAGE_FLAGS =""/>
        <SOURCEFIELD BUSINESSNAME ="" DATATYPE ="varchar" DESCRIPTION ="" FIELDNUMBER ="36" FIELDPROPERTY ="0" FIELDTYPE ="ELEMITEM" HIDDEN ="NO" KEYTYPE ="NOT A KEY" LENGTH ="0" LEVEL ="0" NAME ="L7_SALES_TERRITORY_SORT_DESCR" NULLABLE ="NULL" OCCURS ="0" OFFSET ="60" PHYSICALLENGTH ="255" PHYSICALOFFSET ="6427" PICTURETEXT ="" PRECISION ="255" SCALE ="0" USAGE_FLAGS =""/>
        <SOURCEFIELD BUSINESSNAME ="" DATATYPE ="integer" DESCRIPTION ="" FIELDNUMBER ="37" FIELDPROPERTY ="0" FIELDTYPE ="ELEMITEM" HIDDEN ="NO" KEYTYPE ="NOT A KEY" LENGTH ="11" LEVEL ="0" NAME ="DV_SALES_TERR_LEVEL_NUM_INT" NULLABLE ="NULL" OCCURS ="0" OFFSET ="60" PHYSICALLENGTH ="10" PHYSICALOFFSET ="6682" PICTURETEXT ="" PRECISION ="10" SCALE ="0" USAGE_FLAGS =""/>
        <SOURCEFIELD BUSINESSNAME ="" DATATYPE ="varchar" DESCRIPTION ="" FIELDNUMBER ="38" FIELDPROPERTY ="0" FIELDTYPE ="ELEMITEM" HIDDEN ="NO" KEYTYPE ="NOT A KEY" LENGTH ="0" LEVEL ="0" NAME ="DD_EXTERNAL_THEATER_NAME" NULLABLE ="NULL" OCCURS ="0" OFFSET ="71" PHYSICALLENGTH ="50" PHYSICALOFFSET ="6692" PICTURETEXT ="" PRECISION ="50" SCALE ="0" USAGE_FLAGS =""/>
        <SOURCEFIELD BUSINESSNAME ="" DATATYPE ="char" DESCRIPTION ="" FIELDNUMBER ="39" FIELDPROPERTY ="0" FIELDTYPE ="ELEMITEM" HIDDEN ="NO" KEYTYPE ="NOT A KEY" LENGTH ="0" LEVEL ="0" NAME ="DV_CARRY_FORWARD_RECORD_FLG" NULLABLE ="NOTNULL" OCCURS ="0" OFFSET ="71" PHYSICALLENGTH ="1" PHYSICALOFFSET ="6742" PICTURETEXT ="" PRECISION ="1" SCALE ="0" USAGE_FLAGS =""/>
        <SOURCEFIELD BUSINESSNAME ="" DATATYPE ="varchar" DESCRIPTION ="" FIELDNUMBER ="40" FIELDPROPERTY ="0" FIELDTYPE ="ELEMITEM" HIDDEN ="NO" KEYTYPE ="NOT A KEY" LENGTH ="0" LEVEL ="0" NAME ="SALES_TERRITORY_NAME_CODE" NULLABLE ="NULL" OCCURS ="0" OFFSET ="71" PHYSICALLENGTH ="255" PHYSICALOFFSET ="6743" PICTURETEXT ="" PRECISION ="255" SCALE ="0" USAGE_FLAGS =""/>
    </SOURCE>
    <SOURCE BUSINESSNAME ="" DATABASETYPE ="Teradata" DBDNAME ="TDDEV" DESCRIPTION ="" NAME ="PV_MT_TSS_ADJUSTED_DISCOUNT" OBJECTVERSION ="1" OWNERNAME ="HANAPVWDB_DV4" VERSIONNUMBER ="1">
        <SOURCEFIELD BUSINESSNAME ="" DATATYPE ="integer" DESCRIPTION ="" FIELDNUMBER ="1" FIELDPROPERTY ="0" FIELDTYPE ="ELEMITEM" HIDDEN ="NO" KEYTYPE ="NOT A KEY" LENGTH ="11" LEVEL ="0" NAME ="FISCAL_YEAR_NUMBER_INT" NULLABLE ="NOTNULL" OCCURS ="0" OFFSET ="0" PHYSICALLENGTH ="10" PHYSICALOFFSET ="0" PICTURETEXT ="" PRECISION ="10" SCALE ="0" USAGE_FLAGS =""/>
        <SOURCEFIELD BUSINESSNAME ="" DATATYPE ="integer" DESCRIPTION ="" FIELDNUMBER ="2" FIELDPROPERTY ="0" FIELDTYPE ="ELEMITEM" HIDDEN ="NO" KEYTYPE ="NOT A KEY" LENGTH ="11" LEVEL ="0" NAME ="FISCAL_YEAR_QUARTER_NUMBER_INT" NULLABLE ="NOTNULL" OCCURS ="0" OFFSET ="11" PHYSICALLENGTH ="10" PHYSICALOFFSET ="10" PICTURETEXT ="" PRECISION ="10" SCALE ="0" USAGE_FLAGS =""/>
        <SOURCEFIELD BUSINESSNAME ="" DATATYPE ="integer" DESCRIPTION ="" FIELDNUMBER ="3" FIELDPROPERTY ="0" FIELDTYPE ="ELEMITEM" HIDDEN ="NO" KEYTYPE ="NOT A KEY" LENGTH ="11" LEVEL ="0" NAME ="FISCAL_YEAR_MONTH_INT" NULLABLE ="NOTNULL" OCCURS ="0" OFFSET ="22" PHYSICALLENGTH ="10" PHYSICALOFFSET ="20" PICTURETEXT ="" PRECISION ="10" SCALE ="0" USAGE_FLAGS =""/>
        <SOURCEFIELD BUSINESSNAME ="" DATATYPE ="integer" DESCRIPTION ="" FIELDNUMBER ="4" FIELDPROPERTY ="0" FIELDTYPE ="ELEMITEM" HIDDEN ="NO" KEYTYPE ="NOT A KEY" LENGTH ="11" LEVEL ="0" NAME ="FISCAL_YEAR_WEEK_NUM_INT" NULLABLE ="NOTNULL" OCCURS ="0" OFFSET ="33" PHYSICALLENGTH ="10" PHYSICALOFFSET ="30" PICTURETEXT ="" PRECISION ="10" SCALE ="0" USAGE_FLAGS =""/>
        <SOURCEFIELD BUSINESSNAME ="" DATATYPE ="integer" DESCRIPTION ="" FIELDNUMBER ="5" FIELDPROPERTY ="0" FIELDTYPE ="ELEMITEM" HIDDEN ="NO" KEYTYPE ="NOT A KEY" LENGTH ="11" LEVEL ="0" NAME ="SALES_TERRITORY_KEY" NULLABLE ="NULL" OCCURS ="0" OFFSET ="44" PHYSICALLENGTH ="10" PHYSICALOFFSET ="40" PICTURETEXT ="" PRECISION ="10" SCALE ="0" USAGE_FLAGS =""/>
        <SOURCEFIELD BUSINESSNAME ="" DATATYPE ="varchar" DESCRIPTION ="" FIELDNUMBER ="6" FIELDPROPERTY ="0" FIELDTYPE ="ELEMITEM" HIDDEN ="NO" KEYTYPE ="NOT A KEY" LENGTH ="0" LEVEL ="0" NAME ="SALES_REP_NUM" NULLABLE ="NOTNULL" OCCURS ="0" OFFSET ="55" PHYSICALLENGTH ="30" PHYSICALOFFSET ="50" PICTURETEXT ="" PRECISION ="30" SCALE ="0" USAGE_FLAGS =""/>
        <SOURCEFIELD BUSINESSNAME ="" DATATYPE ="varchar" DESCRIPTION ="" FIELDNUMBER ="7" FIELDPROPERTY ="0" FIELDTYPE ="ELEMITEM" HIDDEN ="NO" KEYTYPE ="NOT A KEY" LENGTH ="0" LEVEL ="0" NAME ="ERP_SALES_REP_NAME" NULLABLE ="NULL" OCCURS ="0" OFFSET ="55" PHYSICALLENGTH ="50" PHYSICALOFFSET ="80" PICTURETEXT ="" PRECISION ="50" SCALE ="0" USAGE_FLAGS =""/>
        <SOURCEFIELD BUSINESSNAME ="" DATATYPE ="varchar" DESCRIPTION ="" FIELDNUMBER ="8" FIELDPROPERTY ="0" FIELDTYPE ="ELEMITEM" HIDDEN ="NO" KEYTYPE ="NOT A KEY" LENGTH ="0" LEVEL ="0" NAME ="L1_SALES_TERRITORY_DESCR" NULLABLE ="NULL" OCCURS ="0" OFFSET ="55" PHYSICALLENGTH ="255" PHYSICALOFFSET ="130" PICTURETEXT ="" PRECISION ="255" SCALE ="0" USAGE_FLAGS =""/>
        <SOURCEFIELD BUSINESSNAME ="" DATATYPE ="varchar" DESCRIPTION ="" FIELDNUMBER ="9" FIELDPROPERTY ="0" FIELDTYPE ="ELEMITEM" HIDDEN ="NO" KEYTYPE ="NOT A KEY" LENGTH ="0" LEVEL ="0" NAME ="L2_SALES_TERRITORY_DESCR" NULLABLE ="NULL" OCCURS ="0" OFFSET ="55" PHYSICALLENGTH ="255" PHYSICALOFFSET ="385" PICTURETEXT ="" PRECISION ="255" SCALE ="0" USAGE_FLAGS =""/>
        <SOURCEFIELD BUSINESSNAME ="" DATATYPE ="varchar" DESCRIPTION ="" FIELDNUMBER ="10" FIELDPROPERTY ="0" FIELDTYPE ="ELEMITEM" HIDDEN ="NO" KEYTYPE ="NOT A KEY" LENGTH ="0" LEVEL ="0" NAME ="L3_SALES_TERRITORY_DESCR" NULLABLE ="NULL" OCCURS ="0" OFFSET ="55" PHYSICALLENGTH ="255" PHYSICALOFFSET ="640" PICTURETEXT ="" PRECISION ="255" SCALE ="0" USAGE_FLAGS =""/>
        <SOURCEFIELD BUSINESSNAME ="" DATATYPE ="varchar" DESCRIPTION ="" FIELDNUMBER ="11" FIELDPROPERTY ="0" FIELDTYPE ="ELEMITEM" HIDDEN ="NO" KEYTYPE ="NOT A KEY" LENGTH ="0" LEVEL ="0" NAME ="L4_SALES_TERRITORY_DESCR" NULLABLE ="NULL" OCCURS ="0" OFFSET ="55" PHYSICALLENGTH ="255" PHYSICALOFFSET ="895" PICTURETEXT ="" PRECISION ="255" SCALE ="0" USAGE_FLAGS =""/>
        <SOURCEFIELD BUSINESSNAME ="" DATATYPE ="varchar" DESCRIPTION ="" FIELDNUMBER ="12" FIELDPROPERTY ="0" FIELDTYPE ="ELEMITEM" HIDDEN ="NO" KEYTYPE ="NOT A KEY" LENGTH ="0" LEVEL ="0" NAME ="L5_SALES_TERRITORY_DESCR" NULLABLE ="NULL" OCCURS ="0" OFFSET ="55" PHYSICALLENGTH ="255" PHYSICALOFFSET ="1150" PICTURETEXT ="" PRECISION ="255" SCALE ="0" USAGE_FLAGS =""/>
        <SOURCEFIELD BUSINESSNAME ="" DATATYPE ="varchar" DESCRIPTION ="" FIELDNUMBER ="13" FIELDPROPERTY ="0" FIELDTYPE ="ELEMITEM" HIDDEN ="NO" KEYTYPE ="NOT A KEY" LENGTH ="0" LEVEL ="0" NAME ="L6_SALES_TERRITORY_DESCR" NULLABLE ="NULL" OCCURS ="0" OFFSET ="55" PHYSICALLENGTH ="255" PHYSICALOFFSET ="1405" PICTURETEXT ="" PRECISION ="255" SCALE ="0" USAGE_FLAGS =""/>
        <SOURCEFIELD BUSINESSNAME ="" DATATYPE ="integer" DESCRIPTION ="" FIELDNUMBER ="14" FIELDPROPERTY ="0" FIELDTYPE ="ELEMITEM" HIDDEN ="NO" KEYTYPE ="NOT A KEY" LENGTH ="11" LEVEL ="0" NAME ="PRODUCT_KEY" NULLABLE ="NOTNULL" OCCURS ="0" OFFSET ="55" PHYSICALLENGTH ="10" PHYSICALOFFSET ="1660" PICTURETEXT ="" PRECISION ="10" SCALE ="0" USAGE_FLAGS =""/>
        <SOURCEFIELD BUSINESSNAME ="" DATATYPE ="varchar" DESCRIPTION ="" FIELDNUMBER ="15" FIELDPROPERTY ="0" FIELDTYPE ="ELEMITEM" HIDDEN ="NO" KEYTYPE ="NOT A KEY" LENGTH ="0" LEVEL ="0" NAME ="DV_TRX_TYPE_CD" NULLABLE ="NOTNULL" OCCURS ="0" OFFSET ="66" PHYSICALLENGTH ="20" PHYSICALOFFSET ="1670" PICTURETEXT ="" PRECISION ="20" SCALE ="0" USAGE_FLAGS =""/>
        <SOURCEFIELD BUSINESSNAME ="" DATATYPE ="decimal" DESCRIPTION ="" FIELDNUMBER ="16" FIELDPROPERTY ="0" FIELDTYPE ="ELEMITEM" HIDDEN ="NO" KEYTYPE ="NOT A KEY" LENGTH ="20" LEVEL ="0" NAME ="DD_COMP_US_NET_PRICE_AMT" NULLABLE ="NOTNULL" OCCURS ="0" OFFSET ="66" PHYSICALLENGTH ="18" PHYSICALOFFSET ="1690" PICTURETEXT ="" PRECISION ="18" SCALE ="6" USAGE_FLAGS =""/>
        <SOURCEFIELD BUSINESSNAME ="" DATATYPE ="decimal" DESCRIPTION ="" FIELDNUMBER ="17" FIELDPROPERTY ="0" FIELDTYPE ="ELEMITEM" HIDDEN ="NO" KEYTYPE ="NOT A KEY" LENGTH ="20" LEVEL ="0" NAME ="DD_COMP_US_STD_PRICE_AMT" NULLABLE ="NOTNULL" OCCURS ="0" OFFSET ="86" PHYSICALLENGTH ="18" PHYSICALOFFSET ="1708" PICTURETEXT ="" PRECISION ="18" SCALE ="6" USAGE_FLAGS =""/>
        <SOURCEFIELD BUSINESSNAME ="" DATATYPE ="decimal" DESCRIPTION ="" FIELDNUMBER ="18" FIELDPROPERTY ="0" FIELDTYPE ="ELEMITEM" HIDDEN ="NO" KEYTYPE ="NOT A KEY" LENGTH ="20" LEVEL ="0" NAME ="DD_COMP_US_LIST_PRICE_AMT" NULLABLE ="NOTNULL" OCCURS ="0" OFFSET ="106" PHYSICALLENGTH ="18" PHYSICALOFFSET ="1726" PICTURETEXT ="" PRECISION ="18" SCALE ="6" USAGE_FLAGS =""/>
        <SOURCEFIELD BUSINESSNAME ="" DATATYPE ="decimal" DESCRIPTION ="" FIELDNUMBER ="19" FIELDPROPERTY ="0" FIELDTYPE ="ELEMITEM" HIDDEN ="NO" KEYTYPE ="NOT A KEY" LENGTH ="20" LEVEL ="0" NAME ="DD_COMP_US_COST_AMT" NULLABLE ="NOTNULL" OCCURS ="0" OFFSET ="126" PHYSICALLENGTH ="18" PHYSICALOFFSET ="1744" PICTURETEXT ="" PRECISION ="18" SCALE ="6" USAGE_FLAGS =""/>
        <SOURCEFIELD BUSINESSNAME ="" DATATYPE ="decimal" DESCRIPTION ="" FIELDNUMBER ="20" FIELDPROPERTY ="0" FIELDTYPE ="ELEMITEM" HIDDEN ="NO" KEYTYPE ="NOT A KEY" LENGTH ="28" LEVEL ="0" NAME ="DV_ADJ_COMP_US_NET_PRICE_AMT" NULLABLE ="NOTNULL" OCCURS ="0" OFFSET ="146" PHYSICALLENGTH ="26" PHYSICALOFFSET ="1762" PICTURETEXT ="" PRECISION ="26" SCALE ="7" USAGE_FLAGS =""/>
        <SOURCEFIELD BUSINESSNAME ="" DATATYPE ="decimal" DESCRIPTION ="" FIELDNUMBER ="21" FIELDPROPERTY ="0" FIELDTYPE ="ELEMITEM" HIDDEN ="NO" KEYTYPE ="NOT A KEY" LENGTH ="28" LEVEL ="0" NAME ="DV_ADJ_COMP_US_STD_PRICE_AMT" NULLABLE ="NOTNULL" OCCURS ="0" OFFSET ="174" PHYSICALLENGTH ="26" PHYSICALOFFSET ="1788" PICTURETEXT ="" PRECISION ="26" SCALE ="7" USAGE_FLAGS =""/>
        <SOURCEFIELD BUSINESSNAME ="" DATATYPE ="decimal" DESCRIPTION ="" FIELDNUMBER ="22" FIELDPROPERTY ="0" FIELDTYPE ="ELEMITEM" HIDDEN ="NO" KEYTYPE ="NOT A KEY" LENGTH ="28" LEVEL ="0" NAME ="DV_ADJ_COMP_US_LIST_PRICE_AMT" NULLABLE ="NOTNULL" OCCURS ="0" OFFSET ="202" PHYSICALLENGTH ="26" PHYSICALOFFSET ="1814" PICTURETEXT ="" PRECISION ="26" SCALE ="7" USAGE_FLAGS =""/>
        <SOURCEFIELD BUSINESSNAME ="" DATATYPE ="decimal" DESCRIPTION ="" FIELDNUMBER ="23" FIELDPROPERTY ="0" FIELDTYPE ="ELEMITEM" HIDDEN ="NO" KEYTYPE ="NOT A KEY" LENGTH ="20" LEVEL ="0" NAME ="DV_ADJ_COMP_US_COST_AMT" NULLABLE ="NOTNULL" OCCURS ="0" OFFSET ="230" PHYSICALLENGTH ="18" PHYSICALOFFSET ="1840" PICTURETEXT ="" PRECISION ="18" SCALE ="6" USAGE_FLAGS =""/>
        <SOURCEFIELD BUSINESSNAME ="" DATATYPE ="decimal" DESCRIPTION ="" FIELDNUMBER ="24" FIELDPROPERTY ="0" FIELDTYPE ="ELEMITEM" HIDDEN ="NO" KEYTYPE ="NOT A KEY" LENGTH ="28" LEVEL ="0" NAME ="DV_FX_NET_PRICE_AMT" NULLABLE ="NOTNULL" OCCURS ="0" OFFSET ="250" PHYSICALLENGTH ="26" PHYSICALOFFSET ="1858" PICTURETEXT ="" PRECISION ="26" SCALE ="7" USAGE_FLAGS =""/>
        <SOURCEFIELD BUSINESSNAME ="" DATATYPE ="char" DESCRIPTION ="" FIELDNUMBER ="25" FIELDPROPERTY ="0" FIELDTYPE ="ELEMITEM" HIDDEN ="NO" KEYTYPE ="NOT A KEY" LENGTH ="0" LEVEL ="0" NAME ="DD_TRX_CURRENCY_CD" NULLABLE ="NOTNULL" OCCURS ="0" OFFSET ="278" PHYSICALLENGTH ="3" PHYSICALOFFSET ="1884" PICTURETEXT ="" PRECISION ="3" SCALE ="0" USAGE_FLAGS =""/>
        <SOURCEFIELD BUSINESSNAME ="" DATATYPE ="char" DESCRIPTION ="" FIELDNUMBER ="26" FIELDPROPERTY ="0" FIELDTYPE ="ELEMITEM" HIDDEN ="NO" KEYTYPE ="NOT A KEY" LENGTH ="0" LEVEL ="0" NAME ="SERVICE_FLG" NULLABLE ="NOTNULL" OCCURS ="0" OFFSET ="278" PHYSICALLENGTH ="1" PHYSICALOFFSET ="1887" PICTURETEXT ="" PRECISION ="1" SCALE ="0" USAGE_FLAGS =""/>
        <SOURCEFIELD BUSINESSNAME ="" DATATYPE ="char" DESCRIPTION ="" FIELDNUMBER ="27" FIELDPROPERTY ="0" FIELDTYPE ="ELEMITEM" HIDDEN ="NO" KEYTYPE ="NOT A KEY" LENGTH ="0" LEVEL ="0" NAME ="FMV_FLG" NULLABLE ="NOTNULL" OCCURS ="0" OFFSET ="278" PHYSICALLENGTH ="1" PHYSICALOFFSET ="1888" PICTURETEXT ="" PRECISION ="1" SCALE ="0" USAGE_FLAGS =""/>
        <SOURCEFIELD BUSINESSNAME ="" DATATYPE ="char" DESCRIPTION ="" FIELDNUMBER ="28" FIELDPROPERTY ="0" FIELDTYPE ="ELEMITEM" HIDDEN ="NO" KEYTYPE ="NOT A KEY" LENGTH ="0" LEVEL ="0" NAME ="CORPORATE_BOOKINGS_FLG" NULLABLE ="NOTNULL" OCCURS ="0" OFFSET ="278" PHYSICALLENGTH ="1" PHYSICALOFFSET ="1889" PICTURETEXT ="" PRECISION ="1" SCALE ="0" USAGE_FLAGS =""/>
        <SOURCEFIELD BUSINESSNAME ="" DATATYPE ="char" DESCRIPTION ="" FIELDNUMBER ="29" FIELDPROPERTY ="0" FIELDTYPE ="ELEMITEM" HIDDEN ="NO" KEYTYPE ="NOT A KEY" LENGTH ="0" LEVEL ="0" NAME ="REVENUE_RECOGNITION_FLG" NULLABLE ="NOTNULL" OCCURS ="0" OFFSET ="278" PHYSICALLENGTH ="1" PHYSICALOFFSET ="1890" PICTURETEXT ="" PRECISION ="1" SCALE ="0" USAGE_FLAGS =""/>
        <SOURCEFIELD BUSINESSNAME ="" DATATYPE ="char" DESCRIPTION ="" FIELDNUMBER ="30" FIELDPROPERTY ="0" FIELDTYPE ="ELEMITEM" HIDDEN ="NO" KEYTYPE ="NOT A KEY" LENGTH ="0" LEVEL ="0" NAME ="ADJUSTMENT_TYPE_CD" NULLABLE ="NULL" OCCURS ="0" OFFSET ="278" PHYSICALLENGTH ="30" PHYSICALOFFSET ="1891" PICTURETEXT ="" PRECISION ="30" SCALE ="0" USAGE_FLAGS =""/>
        <SOURCEFIELD BUSINESSNAME ="" DATATYPE ="decimal" DESCRIPTION ="" FIELDNUMBER ="31" FIELDPROPERTY ="0" FIELDTYPE ="ELEMITEM" HIDDEN ="NO" KEYTYPE ="NOT A KEY" LENGTH ="20" LEVEL ="0" NAME ="DV_SOURCE_ORDER_NUM_INT" NULLABLE ="NULL" OCCURS ="0" OFFSET ="278" PHYSICALLENGTH ="18" PHYSICALOFFSET ="1921" PICTURETEXT ="" PRECISION ="18" SCALE ="0" USAGE_FLAGS =""/>
        <SOURCEFIELD BUSINESSNAME ="" DATATYPE ="varchar" DESCRIPTION ="" FIELDNUMBER ="32" FIELDPROPERTY ="0" FIELDTYPE ="ELEMITEM" HIDDEN ="NO" KEYTYPE ="NOT A KEY" LENGTH ="0" LEVEL ="0" NAME ="DV_DEAL_ID" NULLABLE ="NOTNULL" OCCURS ="0" OFFSET ="298" PHYSICALLENGTH ="50" PHYSICALOFFSET ="1939" PICTURETEXT ="" PRECISION ="50" SCALE ="0" USAGE_FLAGS =""/>
        <SOURCEFIELD BUSINESSNAME ="" DATATYPE ="varchar" DESCRIPTION ="" FIELDNUMBER ="33" FIELDPROPERTY ="0" FIELDTYPE ="ELEMITEM" HIDDEN ="NO" KEYTYPE ="NOT A KEY" LENGTH ="0" LEVEL ="0" NAME ="BK_SERVICE_CATEGORY_ID" NULLABLE ="NOTNULL" OCCURS ="0" OFFSET ="298" PHYSICALLENGTH ="50" PHYSICALOFFSET ="1989" PICTURETEXT ="" PRECISION ="50" SCALE ="0" USAGE_FLAGS =""/>
        <SOURCEFIELD BUSINESSNAME ="" DATATYPE ="varchar" DESCRIPTION ="" FIELDNUMBER ="34" FIELDPROPERTY ="0" FIELDTYPE ="ELEMITEM" HIDDEN ="NO" KEYTYPE ="NOT A KEY" LENGTH ="0" LEVEL ="0" NAME ="ALLOCATED_SERVC_GROUP_ID" NULLABLE ="NOTNULL" OCCURS ="0" OFFSET ="298" PHYSICALLENGTH ="50" PHYSICALOFFSET ="2039" PICTURETEXT ="" PRECISION ="50" SCALE ="0" USAGE_FLAGS =""/>
        <SOURCEFIELD BUSINESSNAME ="" DATATYPE ="varchar" DESCRIPTION ="" FIELDNUMBER ="35" FIELDPROPERTY ="0" FIELDTYPE ="ELEMITEM" HIDDEN ="NO" KEYTYPE ="NOT A KEY" LENGTH ="0" LEVEL ="0" NAME ="PRODUCT_SUBGROUP_DESCRIPTION" NULLABLE ="NOTNULL" OCCURS ="0" OFFSET ="298" PHYSICALLENGTH ="50" PHYSICALOFFSET ="2089" PICTURETEXT ="" PRECISION ="50" SCALE ="0" USAGE_FLAGS =""/>
        <SOURCEFIELD BUSINESSNAME ="" DATATYPE ="char" DESCRIPTION ="" FIELDNUMBER ="36" FIELDPROPERTY ="0" FIELDTYPE ="ELEMITEM" HIDDEN ="NO" KEYTYPE ="NOT A KEY" LENGTH ="0" LEVEL ="0" NAME ="COMPLETE_LINE_RESULT_CD" NULLABLE ="NOTNULL" OCCURS ="0" OFFSET ="298" PHYSICALLENGTH ="30" PHYSICALOFFSET ="2139" PICTURETEXT ="" PRECISION ="30" SCALE ="0" USAGE_FLAGS =""/>
        <SOURCEFIELD BUSINESSNAME ="" DATATYPE ="varchar" DESCRIPTION ="" FIELDNUMBER ="37" FIELDPROPERTY ="0" FIELDTYPE ="ELEMITEM" HIDDEN ="NO" KEYTYPE ="NOT A KEY" LENGTH ="0" LEVEL ="0" NAME ="DV_ROUTE_TO_MARKET_CD" NULLABLE ="NOTNULL" OCCURS ="0" OFFSET ="298" PHYSICALLENGTH ="30" PHYSICALOFFSET ="2169" PICTURETEXT ="" PRECISION ="30" SCALE ="0" USAGE_FLAGS =""/>
        <SOURCEFIELD BUSINESSNAME ="" DATATYPE ="char" DESCRIPTION ="" FIELDNUMBER ="38" FIELDPROPERTY ="0" FIELDTYPE ="ELEMITEM" HIDDEN ="NO" KEYTYPE ="NOT A KEY" LENGTH ="0" LEVEL ="0" NAME ="DV_MATCH_FLG" NULLABLE ="NOTNULL" OCCURS ="0" OFFSET ="298" PHYSICALLENGTH ="1" PHYSICALOFFSET ="2199" PICTURETEXT ="" PRECISION ="1" SCALE ="0" USAGE_FLAGS =""/>
        <SOURCEFIELD BUSINESSNAME ="" DATATYPE ="timestamp" DESCRIPTION ="" FIELDNUMBER ="39" FIELDPROPERTY ="0" FIELDTYPE ="ELEMITEM" HIDDEN ="NO" KEYTYPE ="NOT A KEY" LENGTH ="19" LEVEL ="0" NAME ="EDW_CREATE_DTM" NULLABLE ="NOTNULL" OCCURS ="0" OFFSET ="298" PHYSICALLENGTH ="19" PHYSICALOFFSET ="2200" PICTURETEXT ="" PRECISION ="19" SCALE ="0" USAGE_FLAGS =""/>
        <SOURCEFIELD BUSINESSNAME ="" DATATYPE ="char" DESCRIPTION ="" FIELDNUMBER ="40" FIELDPROPERTY ="0" FIELDTYPE ="ELEMITEM" HIDDEN ="NO" KEYTYPE ="NOT A KEY" LENGTH ="0" LEVEL ="0" NAME ="EDW_CREATE_USER" NULLABLE ="NOTNULL" OCCURS ="0" OFFSET ="317" PHYSICALLENGTH ="30" PHYSICALOFFSET ="2219" PICTURETEXT ="" PRECISION ="30" SCALE ="0" USAGE_FLAGS =""/>
        <SOURCEFIELD BUSINESSNAME ="" DATATYPE ="timestamp" DESCRIPTION ="" FIELDNUMBER ="41" FIELDPROPERTY ="0" FIELDTYPE ="ELEMITEM" HIDDEN ="NO" KEYTYPE ="NOT A KEY" LENGTH ="19" LEVEL ="0" NAME ="EDW_UPDATE_DTM" NULLABLE ="NOTNULL" OCCURS ="0" OFFSET ="317" PHYSICALLENGTH ="19" PHYSICALOFFSET ="2249" PICTURETEXT ="" PRECISION ="19" SCALE ="0" USAGE_FLAGS =""/>
        <SOURCEFIELD BUSINESSNAME ="" DATATYPE ="char" DESCRIPTION ="" FIELDNUMBER ="42" FIELDPROPERTY ="0" FIELDTYPE ="ELEMITEM" HIDDEN ="NO" KEYTYPE ="NOT A KEY" LENGTH ="0" LEVEL ="0" NAME ="EDW_UPDATE_USER" NULLABLE ="NOTNULL" OCCURS ="0" OFFSET ="336" PHYSICALLENGTH ="30" PHYSICALOFFSET ="2268" PICTURETEXT ="" PRECISION ="30" SCALE ="0" USAGE_FLAGS =""/>
        <SOURCEFIELD BUSINESSNAME ="" DATATYPE ="integer" DESCRIPTION ="" FIELDNUMBER ="43" FIELDPROPERTY ="0" FIELDTYPE ="ELEMITEM" HIDDEN ="NO" KEYTYPE ="NOT A KEY" LENGTH ="11" LEVEL ="0" NAME ="SALES_ORDER_LINE_KEY" NULLABLE ="NOTNULL" OCCURS ="0" OFFSET ="336" PHYSICALLENGTH ="10" PHYSICALOFFSET ="2298" PICTURETEXT ="" PRECISION ="10" SCALE ="0" USAGE_FLAGS =""/>
        <SOURCEFIELD BUSINESSNAME ="" DATATYPE ="varchar" DESCRIPTION ="" FIELDNUMBER ="44" FIELDPROPERTY ="0" FIELDTYPE ="ELEMITEM" HIDDEN ="NO" KEYTYPE ="NOT A KEY" LENGTH ="0" LEVEL ="0" NAME ="BK_PRODUCT_SUBGROUP_ID" NULLABLE ="NOTNULL" OCCURS ="0" OFFSET ="347" PHYSICALLENGTH ="50" PHYSICALOFFSET ="2308" PICTURETEXT ="" PRECISION ="50" SCALE ="0" USAGE_FLAGS =""/>
        <SOURCEFIELD BUSINESSNAME ="" DATATYPE ="varchar" DESCRIPTION ="" FIELDNUMBER ="45" FIELDPROPERTY ="0" FIELDTYPE ="ELEMITEM" HIDDEN ="NO" KEYTYPE ="NOT A KEY" LENGTH ="0" LEVEL ="0" NAME ="DV_ATTRIBUTION_CD" NULLABLE ="NOTNULL" OCCURS ="0" OFFSET ="347" PHYSICALLENGTH ="20" PHYSICALOFFSET ="2358" PICTURETEXT ="" PRECISION ="20" SCALE ="0" USAGE_FLAGS =""/>
        <SOURCEFIELD BUSINESSNAME ="" DATATYPE ="varchar" DESCRIPTION ="" FIELDNUMBER ="46" FIELDPROPERTY ="0" FIELDTYPE ="ELEMITEM" HIDDEN ="NO" KEYTYPE ="NOT A KEY" LENGTH ="0" LEVEL ="0" NAME ="BK_PRODUCT_ID" NULLABLE ="NOTNULL" OCCURS ="0" OFFSET ="347" PHYSICALLENGTH ="50" PHYSICALOFFSET ="2378" PICTURETEXT ="" PRECISION ="50" SCALE ="0" USAGE_FLAGS =""/>
        <SOURCEFIELD BUSINESSNAME ="" DATATYPE ="varchar" DESCRIPTION ="" FIELDNUMBER ="47" FIELDPROPERTY ="0" FIELDTYPE ="ELEMITEM" HIDDEN ="NO" KEYTYPE ="NOT A KEY" LENGTH ="0" LEVEL ="0" NAME ="SERVICE_CATEGORY_DESCR" NULLABLE ="NULL" OCCURS ="0" OFFSET ="347" PHYSICALLENGTH ="255" PHYSICALOFFSET ="2428" PICTURETEXT ="" PRECISION ="255" SCALE ="0" USAGE_FLAGS =""/>
        <SOURCEFIELD BUSINESSNAME ="" DATATYPE ="char" DESCRIPTION ="" FIELDNUMBER ="48" FIELDPROPERTY ="0" FIELDTYPE ="ELEMITEM" HIDDEN ="NO" KEYTYPE ="NOT A KEY" LENGTH ="0" LEVEL ="0" NAME ="TSS_EXCL_FLG" NULLABLE ="NOTNULL" OCCURS ="0" OFFSET ="347" PHYSICALLENGTH ="1" PHYSICALOFFSET ="2683" PICTURETEXT ="" PRECISION ="1" SCALE ="0" USAGE_FLAGS =""/>
    </SOURCE>
    <TARGET BUSINESSNAME ="Flat_File" CONSTRAINT ="" DATABASETYPE ="Flat File" DESCRIPTION ="" NAME ="FF_TSS_DISCOUNT_DISE_AUDIT" OBJECTVERSION ="1" TABLEOPTIONS ="" VERSIONNUMBER ="5">
        <FLATFILE CODEPAGE ="UTF-8" CONSECDELIMITERSASONE ="NO" DELIMITED ="YES" DELIMITERS ="ळ" ESCAPE_CHARACTER ="" KEEPESCAPECHAR ="NO" LINESEQUENTIAL ="NO" MULTIDELIMITERSASAND ="NO" NULLCHARTYPE ="ASCII" NULL_CHARACTER ="*" PADBYTES ="1" QUOTE_CHARACTER ="NONE" REPEATABLE ="NO" ROWDELIMITER ="0" SKIPROWS ="0" STRIPTRAILINGBLANKS ="NO"/>
        <TARGETFIELD BUSINESSNAME ="" DATATYPE ="number" DESCRIPTION ="" FIELDNUMBER ="1" KEYTYPE ="NOT A KEY" NAME ="FISCAL_YEAR_QUARTER_NUMBER_INT" NULLABLE ="NOTNULL" PICTURETEXT ="" PRECISION ="10" SCALE ="0"/>
        <TARGETFIELD BUSINESSNAME ="" DATATYPE ="number" DESCRIPTION ="" FIELDNUMBER ="2" KEYTYPE ="NOT A KEY" NAME ="FISCAL_YEAR_WEEK_NUM_INT" NULLABLE ="NULL" PICTURETEXT ="" PRECISION ="10" SCALE ="0"/>
        <TARGETFIELD BUSINESSNAME ="" DATATYPE ="string" DESCRIPTION ="" FIELDNUMBER ="3" KEYTYPE ="NOT A KEY" NAME ="L1_SALES_TERRITORY_DESCR" NULLABLE ="NULL" PICTURETEXT ="" PRECISION ="255" SCALE ="0"/>
        <TARGETFIELD BUSINESSNAME ="" DATATYPE ="number" DESCRIPTION ="" FIELDNUMBER ="4" KEYTYPE ="NOT A KEY" NAME ="ADJUSTED_BASE_PRICE" NULLABLE ="NULL" PICTURETEXT ="" PRECISION ="26" SCALE ="7"/>
        <TARGETFIELD BUSINESSNAME ="" DATATYPE ="number" DESCRIPTION ="" FIELDNUMBER ="5" KEYTYPE ="NOT A KEY" NAME ="ADJUSTED_LIST_PRICE" NULLABLE ="NULL" PICTURETEXT ="" PRECISION ="26" SCALE ="7"/>
        <TARGETFIELD BUSINESSNAME ="" DATATYPE ="number" DESCRIPTION ="" FIELDNUMBER ="6" KEYTYPE ="NOT A KEY" NAME ="ADJUSTED_NET_PRICE" NULLABLE ="NULL" PICTURETEXT ="" PRECISION ="26" SCALE ="7"/>
        <TARGETFIELD BUSINESSNAME ="" DATATYPE ="number" DESCRIPTION ="" FIELDNUMBER ="7" KEYTYPE ="NOT A KEY" NAME ="SERVICE_DISCOUNT" NULLABLE ="NULL" PICTURETEXT ="" PRECISION ="26" SCALE ="7"/>
        <TARGETFIELD BUSINESSNAME ="" DATATYPE ="number" DESCRIPTION ="" FIELDNUMBER ="8" KEYTYPE ="NOT A KEY" NAME ="SERVICE_DISCOUNT_PERCENT" NULLABLE ="NULL" PICTURETEXT ="" PRECISION ="26" SCALE ="7"/>
        <TABLEATTRIBUTE NAME ="Datetime Format" VALUE ="A  19 mm/dd/yyyy hh24:mi:ss"/>
        <TABLEATTRIBUTE NAME ="Thousand Separator" VALUE ="None"/>
        <TABLEATTRIBUTE NAME ="Decimal Separator" VALUE ="."/>
        <TABLEATTRIBUTE NAME ="Line Endings" VALUE ="System default"/>
    </TARGET>
    <MAPPING DESCRIPTION ="" ISVALID ="YES" NAME ="m_P_TSS_DISCOUNT_AUDIT_DISE_TO_FF" OBJECTVERSION ="1" VERSIONNUMBER ="8">
        <TRANSFORMATION DESCRIPTION ="" NAME ="SQ_PV_MT_TSS_ADJUSTED_DISCOUNT" OBJECTVERSION ="1" REUSABLE ="NO" TYPE ="Source Qualifier" VERSIONNUMBER ="3">
            <TRANSFORMFIELD DATATYPE ="integer" DEFAULTVALUE ="" DESCRIPTION ="" NAME ="FISCAL_YEAR_NUMBER_INT" PICTURETEXT ="" PORTTYPE ="INPUT/OUTPUT" PRECISION ="10" SCALE ="0"/>
            <TRANSFORMFIELD DATATYPE ="integer" DEFAULTVALUE ="" DESCRIPTION ="" NAME ="FISCAL_YEAR_WEEK_NUM_INT" PICTURETEXT ="" PORTTYPE ="INPUT/OUTPUT" PRECISION ="10" SCALE ="0"/>
            <TRANSFORMFIELD DATATYPE ="string" DEFAULTVALUE ="" DESCRIPTION ="" NAME ="L1_SALES_TERRITORY_DESCR" PICTURETEXT ="" PORTTYPE ="INPUT/OUTPUT" PRECISION ="255" SCALE ="0"/>
            <TRANSFORMFIELD DATATYPE ="decimal" DEFAULTVALUE ="" DESCRIPTION ="" NAME ="ADJUSTED_BASE_PRICE" PICTURETEXT ="" PORTTYPE ="INPUT/OUTPUT" PRECISION ="26" SCALE ="7"/>
            <TRANSFORMFIELD DATATYPE ="decimal" DEFAULTVALUE ="" DESCRIPTION ="" NAME ="ADJUSTED_LIST_PRICE" PICTURETEXT ="" PORTTYPE ="INPUT/OUTPUT" PRECISION ="26" SCALE ="7"/>
            <TRANSFORMFIELD DATATYPE ="decimal" DEFAULTVALUE ="" DESCRIPTION ="" NAME ="ADJUSTED_NET_PRICE" PICTURETEXT ="" PORTTYPE ="INPUT/OUTPUT" PRECISION ="26" SCALE ="7"/>
            <TRANSFORMFIELD DATATYPE ="decimal" DEFAULTVALUE ="" DESCRIPTION ="" NAME ="SERVICE_DISCOUNT" PICTURETEXT ="" PORTTYPE ="INPUT/OUTPUT" PRECISION ="26" SCALE ="7"/>
            <TRANSFORMFIELD DATATYPE ="decimal" DEFAULTVALUE ="" DESCRIPTION ="" NAME ="SERVICE_DISCOUNT_PERCENT" PICTURETEXT ="" PORTTYPE ="INPUT/OUTPUT" PRECISION ="26" SCALE ="7"/>
            <TABLEATTRIBUTE NAME ="Sql Query" VALUE ="SELECT  &#xD;&#xA;    TSS.FISCAL_YEAR_QUARTER_NUMBER_INT,&#xD;&#xA;&#x9;TSS.FISCAL_YEAR_WEEK_NUM_INT,&#xD;&#xA;&#x9;CSH.L1_SALES_TERRITORY_DESCR, &#xD;&#xA;&#x9;(SUM(DV_ADJ_COMP_US_STD_PRICE_AMT)) AS ADJUSTED_BASE_PRICE, &#xD;&#xA;    (SUM(DV_ADJ_COMP_US_LIST_PRICE_AMT)) AS ADJUSTED_LIST_PRICE,&#xD;&#xA;    (SUM(DV_ADJ_COMP_US_NET_PRICE_AMT)) AS ADJUSTED_NET_PRICE,&#xD;&#xA;    (SUM(DV_ADJ_COMP_US_STD_PRICE_AMT))- (SUM(DV_ADJ_COMP_US_NET_PRICE_AMT)) AS SERVICE_DISCOUNT,&#xD;&#xA;    ROUND((SUM(DV_ADJ_COMP_US_STD_PRICE_AMT)- SUM(DV_ADJ_COMP_US_NET_PRICE_AMT))/SUM(DV_ADJ_COMP_US_STD_PRICE_AMT)*100,1) AS SERVICE_DISCOUNT_PERCENT&#xD;&#xA;FROM $$HANAPVWDB.PV_MT_TSS_ADJUSTED_DISCOUNT TSS&#xD;&#xA;&#x9;INNER JOIN $$DISEPVWDB.PV_SALES_HIERARCHY CSH &#xD;&#xA;&#x9;&#x9;ON TSS.SALES_TERRITORY_KEY = CSH.SALES_TERRITORY_KEY&#xD;&#xA;&#x9;INNER JOIN $$DISEPVWDB.PV_FISCAL_WEEK_TO_YEAR FWY&#xD;&#xA;&#x9;&#x9;ON TSS.FISCAL_YEAR_WEEK_NUM_INT = FWY.FISCAL_YEAR_WEEK_NUM_INT&#xD;&#xA;WHERE FWY.FISCAL_YEAR_AGE IN ( 0,1,2,3)&#xD;&#xA;     AND DV_MATCH_FLG=&apos;Y&apos;&#xD;&#xA;     AND SERVICE_FLG=&apos;Y&apos;&#xD;&#xA;     AND REVENUE_RECOGNITION_FLG = &apos;Y&apos;&#xD;&#xA;     AND TSS_EXCL_FLG &lt;&gt; &apos;Y&apos;&#xD;&#xA;     AND COMPLETE_LINE_RESULT_CD IN(&apos;=&apos;,&apos;BOOKED&apos;,&apos;CISCO_BOOKED&apos;,&apos;CLOSED&apos;)&#xD;&#xA;     AND ADJUSTMENT_TYPE_CD IN (&apos;UNKNOWN&apos;,&apos;POS&apos;)&#xD;&#xA;GROUP BY &#xD;&#xA;&#x9;TSS.FISCAL_YEAR_QUARTER_NUMBER_INT, TSS.FISCAL_YEAR_WEEK_NUM_INT, CSH.L1_SALES_TERRITORY_DESCR"/>
            <TABLEATTRIBUTE NAME ="User Defined Join" VALUE =""/>
            <TABLEATTRIBUTE NAME ="Source Filter" VALUE =""/>
            <TABLEATTRIBUTE NAME ="Number Of Sorted Ports" VALUE ="0"/>
            <TABLEATTRIBUTE NAME ="Tracing Level" VALUE ="Normal"/>
            <TABLEATTRIBUTE NAME ="Select Distinct" VALUE ="NO"/>
            <TABLEATTRIBUTE NAME ="Is Partitionable" VALUE ="NO"/>
            <TABLEATTRIBUTE NAME ="Pre SQL" VALUE =""/>
            <TABLEATTRIBUTE NAME ="Post SQL" VALUE =""/>
            <TABLEATTRIBUTE NAME ="Output is deterministic" VALUE ="NO"/>
            <TABLEATTRIBUTE NAME ="Output is repeatable" VALUE ="Never"/>
        </TRANSFORMATION>
        <INSTANCE DESCRIPTION ="" NAME ="FF_TSS_DISCOUNT_DISE_AUDIT" TRANSFORMATION_NAME ="FF_TSS_DISCOUNT_DISE_AUDIT" TRANSFORMATION_TYPE ="Target Definition" TYPE ="TARGET"/>
        <INSTANCE DBDNAME ="TDDEV" DESCRIPTION ="" NAME ="PV_MT_TSS_ADJUSTED_DISCOUNT" TRANSFORMATION_NAME ="PV_MT_TSS_ADJUSTED_DISCOUNT" TRANSFORMATION_TYPE ="Source Definition" TYPE ="SOURCE"/>
        <INSTANCE DBDNAME ="TDDEV" DESCRIPTION ="" NAME ="PV_SALES_HIERARCHY" TRANSFORMATION_NAME ="PV_SALES_HIERARCHY" TRANSFORMATION_TYPE ="Source Definition" TYPE ="SOURCE"/>
        <INSTANCE DESCRIPTION ="" NAME ="SQ_PV_MT_TSS_ADJUSTED_DISCOUNT" REUSABLE ="NO" TRANSFORMATION_NAME ="SQ_PV_MT_TSS_ADJUSTED_DISCOUNT" TRANSFORMATION_TYPE ="Source Qualifier" TYPE ="TRANSFORMATION">
            <ASSOCIATED_SOURCE_INSTANCE NAME ="PV_MT_TSS_ADJUSTED_DISCOUNT"/>
            <ASSOCIATED_SOURCE_INSTANCE NAME ="PV_SALES_HIERARCHY"/>
        </INSTANCE>
        <CONNECTOR FROMFIELD ="SERVICE_DISCOUNT" FROMINSTANCE ="SQ_PV_MT_TSS_ADJUSTED_DISCOUNT" FROMINSTANCETYPE ="Source Qualifier" TOFIELD ="SERVICE_DISCOUNT" TOINSTANCE ="FF_TSS_DISCOUNT_DISE_AUDIT" TOINSTANCETYPE ="Target Definition"/>
        <CONNECTOR FROMFIELD ="SERVICE_DISCOUNT_PERCENT" FROMINSTANCE ="SQ_PV_MT_TSS_ADJUSTED_DISCOUNT" FROMINSTANCETYPE ="Source Qualifier" TOFIELD ="SERVICE_DISCOUNT_PERCENT" TOINSTANCE ="FF_TSS_DISCOUNT_DISE_AUDIT" TOINSTANCETYPE ="Target Definition"/>
        <CONNECTOR FROMFIELD ="FISCAL_YEAR_NUMBER_INT" FROMINSTANCE ="SQ_PV_MT_TSS_ADJUSTED_DISCOUNT" FROMINSTANCETYPE ="Source Qualifier" TOFIELD ="FISCAL_YEAR_QUARTER_NUMBER_INT" TOINSTANCE ="FF_TSS_DISCOUNT_DISE_AUDIT" TOINSTANCETYPE ="Target Definition"/>
        <CONNECTOR FROMFIELD ="L1_SALES_TERRITORY_DESCR" FROMINSTANCE ="SQ_PV_MT_TSS_ADJUSTED_DISCOUNT" FROMINSTANCETYPE ="Source Qualifier" TOFIELD ="L1_SALES_TERRITORY_DESCR" TOINSTANCE ="FF_TSS_DISCOUNT_DISE_AUDIT" TOINSTANCETYPE ="Target Definition"/>
        <CONNECTOR FROMFIELD ="ADJUSTED_BASE_PRICE" FROMINSTANCE ="SQ_PV_MT_TSS_ADJUSTED_DISCOUNT" FROMINSTANCETYPE ="Source Qualifier" TOFIELD ="ADJUSTED_BASE_PRICE" TOINSTANCE ="FF_TSS_DISCOUNT_DISE_AUDIT" TOINSTANCETYPE ="Target Definition"/>
        <CONNECTOR FROMFIELD ="ADJUSTED_LIST_PRICE" FROMINSTANCE ="SQ_PV_MT_TSS_ADJUSTED_DISCOUNT" FROMINSTANCETYPE ="Source Qualifier" TOFIELD ="ADJUSTED_LIST_PRICE" TOINSTANCE ="FF_TSS_DISCOUNT_DISE_AUDIT" TOINSTANCETYPE ="Target Definition"/>
        <CONNECTOR FROMFIELD ="ADJUSTED_NET_PRICE" FROMINSTANCE ="SQ_PV_MT_TSS_ADJUSTED_DISCOUNT" FROMINSTANCETYPE ="Source Qualifier" TOFIELD ="ADJUSTED_NET_PRICE" TOINSTANCE ="FF_TSS_DISCOUNT_DISE_AUDIT" TOINSTANCETYPE ="Target Definition"/>
        <CONNECTOR FROMFIELD ="FISCAL_YEAR_WEEK_NUM_INT" FROMINSTANCE ="SQ_PV_MT_TSS_ADJUSTED_DISCOUNT" FROMINSTANCETYPE ="Source Qualifier" TOFIELD ="FISCAL_YEAR_WEEK_NUM_INT" TOINSTANCE ="FF_TSS_DISCOUNT_DISE_AUDIT" TOINSTANCETYPE ="Target Definition"/>
        <CONNECTOR FROMFIELD ="FISCAL_YEAR_NUMBER_INT" FROMINSTANCE ="PV_MT_TSS_ADJUSTED_DISCOUNT" FROMINSTANCETYPE ="Source Definition" TOFIELD ="FISCAL_YEAR_NUMBER_INT" TOINSTANCE ="SQ_PV_MT_TSS_ADJUSTED_DISCOUNT" TOINSTANCETYPE ="Source Qualifier"/>
        <CONNECTOR FROMFIELD ="DD_COMP_US_NET_PRICE_AMT" FROMINSTANCE ="PV_MT_TSS_ADJUSTED_DISCOUNT" FROMINSTANCETYPE ="Source Definition" TOFIELD ="ADJUSTED_BASE_PRICE" TOINSTANCE ="SQ_PV_MT_TSS_ADJUSTED_DISCOUNT" TOINSTANCETYPE ="Source Qualifier"/>
        <CONNECTOR FROMFIELD ="DD_COMP_US_STD_PRICE_AMT" FROMINSTANCE ="PV_MT_TSS_ADJUSTED_DISCOUNT" FROMINSTANCETYPE ="Source Definition" TOFIELD ="ADJUSTED_LIST_PRICE" TOINSTANCE ="SQ_PV_MT_TSS_ADJUSTED_DISCOUNT" TOINSTANCETYPE ="Source Qualifier"/>
        <CONNECTOR FROMFIELD ="DD_COMP_US_LIST_PRICE_AMT" FROMINSTANCE ="PV_MT_TSS_ADJUSTED_DISCOUNT" FROMINSTANCETYPE ="Source Definition" TOFIELD ="ADJUSTED_NET_PRICE" TOINSTANCE ="SQ_PV_MT_TSS_ADJUSTED_DISCOUNT" TOINSTANCETYPE ="Source Qualifier"/>
        <CONNECTOR FROMFIELD ="DD_COMP_US_COST_AMT" FROMINSTANCE ="PV_MT_TSS_ADJUSTED_DISCOUNT" FROMINSTANCETYPE ="Source Definition" TOFIELD ="SERVICE_DISCOUNT" TOINSTANCE ="SQ_PV_MT_TSS_ADJUSTED_DISCOUNT" TOINSTANCETYPE ="Source Qualifier"/>
        <CONNECTOR FROMFIELD ="DV_ADJ_COMP_US_NET_PRICE_AMT" FROMINSTANCE ="PV_MT_TSS_ADJUSTED_DISCOUNT" FROMINSTANCETYPE ="Source Definition" TOFIELD ="SERVICE_DISCOUNT_PERCENT" TOINSTANCE ="SQ_PV_MT_TSS_ADJUSTED_DISCOUNT" TOINSTANCETYPE ="Source Qualifier"/>
        <CONNECTOR FROMFIELD ="FISCAL_YEAR_WEEK_NUM_INT" FROMINSTANCE ="PV_MT_TSS_ADJUSTED_DISCOUNT" FROMINSTANCETYPE ="Source Definition" TOFIELD ="FISCAL_YEAR_WEEK_NUM_INT" TOINSTANCE ="SQ_PV_MT_TSS_ADJUSTED_DISCOUNT" TOINSTANCETYPE ="Source Qualifier"/>
        <CONNECTOR FROMFIELD ="L1_SALES_TERRITORY_DESCR" FROMINSTANCE ="PV_SALES_HIERARCHY" FROMINSTANCETYPE ="Source Definition" TOFIELD ="L1_SALES_TERRITORY_DESCR" TOINSTANCE ="SQ_PV_MT_TSS_ADJUSTED_DISCOUNT" TOINSTANCETYPE ="Source Qualifier"/>
        <TARGETLOADORDER ORDER ="1" TARGETINSTANCE ="FF_TSS_DISCOUNT_DISE_AUDIT"/>
        <MAPPINGVARIABLE DATATYPE ="string" DEFAULTVALUE ="" DESCRIPTION ="" ISEXPRESSIONVARIABLE ="NO" ISPARAM ="YES" NAME ="$$DISEPVWDB" PRECISION ="30" SCALE ="0" USERDEFINED ="YES"/>
        <MAPPINGVARIABLE DATATYPE ="string" DEFAULTVALUE ="" DESCRIPTION ="" ISEXPRESSIONVARIABLE ="NO" ISPARAM ="YES" NAME ="$$HANAPVWDB" PRECISION ="30" SCALE ="0" USERDEFINED ="YES"/>
        <ERPINFO/>
    </MAPPING>
    <CONFIG DESCRIPTION ="Default session configuration object" ISDEFAULT ="YES" NAME ="default_session_config" VERSIONNUMBER ="7">
        <ATTRIBUTE NAME ="Advanced" VALUE =""/>
        <ATTRIBUTE NAME ="Constraint based load ordering" VALUE ="NO"/>
        <ATTRIBUTE NAME ="Cache LOOKUP() function" VALUE ="YES"/>
        <ATTRIBUTE NAME ="Default buffer block size" VALUE ="Auto"/>
        <ATTRIBUTE NAME ="Line Sequential buffer length" VALUE ="1024"/>
        <ATTRIBUTE NAME ="Maximum Memory Allowed For Auto Memory Attributes" VALUE ="512MB"/>
        <ATTRIBUTE NAME ="Maximum Percentage of Total Memory Allowed For Auto Memory Attributes" VALUE ="5"/>
        <ATTRIBUTE NAME ="Additional Concurrent Pipelines for Lookup Cache Creation" VALUE ="Auto"/>
        <ATTRIBUTE NAME ="Custom Properties" VALUE =""/>
        <ATTRIBUTE NAME ="Pre-build lookup cache" VALUE ="Auto"/>
        <ATTRIBUTE NAME ="Optimization Level" VALUE ="Medium"/>
        <ATTRIBUTE NAME ="DateTime Format String" VALUE ="MM/DD/YYYY HH24:MI:SS.US"/>
        <ATTRIBUTE NAME ="Pre 85 Timestamp Compatibility" VALUE ="YES"/>
        <ATTRIBUTE NAME ="Log Options" VALUE ="0"/>
        <ATTRIBUTE NAME ="Save session log by" VALUE ="Session runs"/>
        <ATTRIBUTE NAME ="Save session log for these runs" VALUE ="5"/>
        <ATTRIBUTE NAME ="Session Log File Max Size" VALUE ="0"/>
        <ATTRIBUTE NAME ="Session Log File Max Time Period" VALUE ="0"/>
        <ATTRIBUTE NAME ="Maximum Partial Session Log Files" VALUE ="1"/>
        <ATTRIBUTE NAME ="Writer Commit Statistics Log Frequency" VALUE ="1"/>
        <ATTRIBUTE NAME ="Writer Commit Statistics Log Interval" VALUE ="0"/>
        <ATTRIBUTE NAME ="Error handling" VALUE =""/>
        <ATTRIBUTE NAME ="Stop on errors" VALUE ="1"/>
        <ATTRIBUTE NAME ="Override tracing" VALUE ="None"/>
        <ATTRIBUTE NAME ="On Stored Procedure error" VALUE ="Stop"/>
        <ATTRIBUTE NAME ="On Pre-session command task error" VALUE ="Stop"/>
        <ATTRIBUTE NAME ="On Pre-Post SQL error" VALUE ="Stop"/>
        <ATTRIBUTE NAME ="Enable Recovery" VALUE ="NO"/>
        <ATTRIBUTE NAME ="Error Log Type" VALUE ="None"/>
        <ATTRIBUTE NAME ="Error Log Table Name Prefix" VALUE =""/>
        <ATTRIBUTE NAME ="Error Log File Name" VALUE ="PMError.log"/>
        <ATTRIBUTE NAME ="Log Source Row Data" VALUE ="NO"/>
        <ATTRIBUTE NAME ="Data Column Delimiter" VALUE ="|"/>
        <ATTRIBUTE NAME ="Partitioning Options" VALUE =""/>
        <ATTRIBUTE NAME ="Dynamic Partitioning" VALUE ="Disabled"/>
        <ATTRIBUTE NAME ="Number of Partitions" VALUE ="1"/>
        <ATTRIBUTE NAME ="Multiplication Factor" VALUE ="Auto"/>
        <ATTRIBUTE NAME ="Session on Grid" VALUE =""/>
        <ATTRIBUTE NAME ="Is Enabled" VALUE ="NO"/>
    </CONFIG>
    <WORKFLOW DESCRIPTION ="" ISENABLED ="YES" ISRUNNABLESERVICE ="NO" ISSERVICE ="NO" ISVALID ="YES" NAME ="wf_P_TSS_DISCOUNT_AUDIT_DISE_TO_FF" REUSABLE_SCHEDULER ="NO" SCHEDULERNAME ="Scheduler" SERVERNAME ="EDW_Extract_DV4_Dev_101_Integration_Service" SERVER_DOMAINNAME ="Domain_EDW_Ext_Dev_101" SUSPEND_ON_ERROR ="NO" TASKS_MUST_RUN_ON_SERVER ="NO" VERSIONNUMBER ="11">
        <SCHEDULER DESCRIPTION ="" NAME ="Scheduler" REUSABLE ="NO" VERSIONNUMBER ="1">
            <SCHEDULEINFO SCHEDULETYPE ="ONDEMAND"/>
        </SCHEDULER>
        <TASK DESCRIPTION ="" NAME ="Start" REUSABLE ="NO" TYPE ="Start" VERSIONNUMBER ="1"/>
        <SESSION DESCRIPTION ="" ISVALID ="YES" MAPPINGNAME ="m_P_TSS_DISCOUNT_AUDIT_DISE_TO_FF" NAME ="s_m_P_TSS_DISCOUNT_AUDIT_DISE_TO_FF" REUSABLE ="NO" SORTORDER ="Binary" VERSIONNUMBER ="7">
            <SESSTRANSFORMATIONINST ISREPARTITIONPOINT ="YES" PARTITIONTYPE ="PASS THROUGH" PIPELINE ="1" SINSTANCENAME ="FF_TSS_DISCOUNT_DISE_AUDIT" STAGE ="1" TRANSFORMATIONNAME ="FF_TSS_DISCOUNT_DISE_AUDIT" TRANSFORMATIONTYPE ="Target Definition">
                <FLATFILE CODEPAGE ="UTF-8" CONSECDELIMITERSASONE ="NO" DELIMITED ="YES" DELIMITERS ="ळ" ESCAPE_CHARACTER ="" KEEPESCAPECHAR ="NO" LINESEQUENTIAL ="NO" MULTIDELIMITERSASAND ="NO" NULLCHARTYPE ="ASCII" NULL_CHARACTER ="*" PADBYTES ="1" QUOTE_CHARACTER ="NONE" REPEATABLE ="NO" ROWDELIMITER ="10" SKIPROWS ="0" STRIPTRAILINGBLANKS ="NO"/>
            </SESSTRANSFORMATIONINST>
            <SESSTRANSFORMATIONINST ISREPARTITIONPOINT ="NO" PIPELINE ="0" SINSTANCENAME ="PV_SALES_HIERARCHY" STAGE ="0" TRANSFORMATIONNAME ="PV_SALES_HIERARCHY" TRANSFORMATIONTYPE ="Source Definition"/>
            <SESSTRANSFORMATIONINST ISREPARTITIONPOINT ="NO" PIPELINE ="0" SINSTANCENAME ="PV_MT_TSS_ADJUSTED_DISCOUNT" STAGE ="0" TRANSFORMATIONNAME ="PV_MT_TSS_ADJUSTED_DISCOUNT" TRANSFORMATIONTYPE ="Source Definition"/>
            <SESSTRANSFORMATIONINST ISREPARTITIONPOINT ="YES" PARTITIONTYPE ="PASS THROUGH" PIPELINE ="1" SINSTANCENAME ="SQ_PV_MT_TSS_ADJUSTED_DISCOUNT" STAGE ="2" TRANSFORMATIONNAME ="SQ_PV_MT_TSS_ADJUSTED_DISCOUNT" TRANSFORMATIONTYPE ="Source Qualifier"/>
            <CONFIGREFERENCE REFOBJECTNAME ="default_session_config" TYPE ="Session config">
                <ATTRIBUTE NAME ="Pre 85 Timestamp Compatibility" VALUE ="YES"/>
                <ATTRIBUTE NAME ="Save session log for these runs" VALUE ="5"/>
                <ATTRIBUTE NAME ="Stop on errors" VALUE ="1"/>
                <ATTRIBUTE NAME ="Override tracing" VALUE ="Normal"/>
            </CONFIGREFERENCE>
            <SESSIONEXTENSION NAME ="File Writer" SINSTANCENAME ="FF_TSS_DISCOUNT_DISE_AUDIT" SUBTYPE ="File Writer" TRANSFORMATIONTYPE ="Target Definition" TYPE ="WRITER">
                <CONNECTIONREFERENCE CNXREFNAME ="Connection" CONNECTIONNAME ="" CONNECTIONNUMBER ="1" CONNECTIONSUBTYPE ="" CONNECTIONTYPE ="" VARIABLE =""/>
                <ATTRIBUTE NAME ="Merge Type" VALUE ="No Merge"/>
                <ATTRIBUTE NAME ="Merge File Directory" VALUE ="$PMTargetFileDir&#x5c;"/>
                <ATTRIBUTE NAME ="Merge File Name" VALUE ="ff_ts_discount_audit.out"/>
                <ATTRIBUTE NAME ="Append if Exists" VALUE ="NO"/>
                <ATTRIBUTE NAME ="Create Target Directory" VALUE ="NO"/>
                <ATTRIBUTE NAME ="Header Options" VALUE ="No Header"/>
                <ATTRIBUTE NAME ="Header Command" VALUE =""/>
                <ATTRIBUTE NAME ="Footer Command" VALUE =""/>
                <ATTRIBUTE NAME ="Output Type" VALUE ="File"/>
                <ATTRIBUTE NAME ="Merge Command" VALUE =""/>
                <ATTRIBUTE NAME ="Output file directory" VALUE ="$PMRootDir/DATA/EDWTDP_DISE_TD/work"/>
                <ATTRIBUTE NAME ="Output filename" VALUE ="ff_tss_discount_audit.dat"/>
                <ATTRIBUTE NAME ="Reject file directory" VALUE ="$PMRootDir/DATA/EDWTDP_DISE_TD/reject"/>
                <ATTRIBUTE NAME ="Reject filename" VALUE ="ff_tss_discount_audit.bad"/>
                <ATTRIBUTE NAME ="Command" VALUE =""/>
                <ATTRIBUTE NAME ="Codepage Parameter" VALUE =""/>
            </SESSIONEXTENSION>
            <SESSIONEXTENSION DSQINSTNAME ="SQ_PV_MT_TSS_ADJUSTED_DISCOUNT" DSQINSTTYPE ="Source Qualifier" NAME ="Relational Reader" SINSTANCENAME ="PV_SALES_HIERARCHY" SUBTYPE ="Relational Reader" TRANSFORMATIONTYPE ="Source Definition" TYPE ="READER"/>
            <SESSIONEXTENSION DSQINSTNAME ="SQ_PV_MT_TSS_ADJUSTED_DISCOUNT" DSQINSTTYPE ="Source Qualifier" NAME ="Relational Reader" SINSTANCENAME ="PV_MT_TSS_ADJUSTED_DISCOUNT" SUBTYPE ="Relational Reader" TRANSFORMATIONTYPE ="Source Definition" TYPE ="READER"/>
            <SESSIONEXTENSION NAME ="Relational Reader" SINSTANCENAME ="SQ_PV_MT_TSS_ADJUSTED_DISCOUNT" SUBTYPE ="Relational Reader" TRANSFORMATIONTYPE ="Source Qualifier" TYPE ="READER">
                <CONNECTIONREFERENCE CNXREFNAME ="DB Connection" CONNECTIONNAME ="TD_E_HANA" CONNECTIONNUMBER ="1" CONNECTIONSUBTYPE ="Teradata" CONNECTIONTYPE ="Relational" VARIABLE =""/>
            </SESSIONEXTENSION>
            <ATTRIBUTE NAME ="General Options" VALUE =""/>
            <ATTRIBUTE NAME ="Write Backward Compatible Session Log File" VALUE ="NO"/>
            <ATTRIBUTE NAME ="Session Log File Name" VALUE ="s_m_P_TS_DISCOUNT_AUDIT_DISE_TO_FF.log"/>
            <ATTRIBUTE NAME ="Session Log File directory" VALUE ="$PMSessionLogDir&#x5c;"/>
            <ATTRIBUTE NAME ="Parameter Filename" VALUE ="$PMRootDir/ctrl/db.parm"/>
            <ATTRIBUTE NAME ="Enable Test Load" VALUE ="NO"/>
            <ATTRIBUTE NAME ="$Source connection value" VALUE =""/>
            <ATTRIBUTE NAME ="$Target connection value" VALUE =""/>
            <ATTRIBUTE NAME ="Treat source rows as" VALUE ="Insert"/>
            <ATTRIBUTE NAME ="Commit Type" VALUE ="Target"/>
            <ATTRIBUTE NAME ="Commit Interval" VALUE ="10000"/>
            <ATTRIBUTE NAME ="Commit On End Of File" VALUE ="YES"/>
            <ATTRIBUTE NAME ="Rollback Transactions on Errors" VALUE ="NO"/>
            <ATTRIBUTE NAME ="Recovery Strategy" VALUE ="Fail task and continue workflow"/>
            <ATTRIBUTE NAME ="Java Classpath" VALUE =""/>
            <ATTRIBUTE NAME ="Performance" VALUE =""/>
            <ATTRIBUTE NAME ="DTM buffer size" VALUE ="Auto"/>
            <ATTRIBUTE NAME ="Collect performance data" VALUE ="NO"/>
            <ATTRIBUTE NAME ="Write performance data to repository" VALUE ="NO"/>
            <ATTRIBUTE NAME ="Incremental Aggregation" VALUE ="NO"/>
            <ATTRIBUTE NAME ="Enable high precision" VALUE ="NO"/>
            <ATTRIBUTE NAME ="Session retry on deadlock" VALUE ="NO"/>
            <ATTRIBUTE NAME ="Pushdown Optimization" VALUE ="None"/>
            <ATTRIBUTE NAME ="Allow Temporary View for Pushdown" VALUE ="NO"/>
            <ATTRIBUTE NAME ="Allow Temporary Sequence for Pushdown" VALUE ="NO"/>
            <ATTRIBUTE NAME ="Allow Pushdown for User Incompatible Connections" VALUE ="NO"/>
        </SESSION>
        <TASKINSTANCE DESCRIPTION ="" ISENABLED ="YES" NAME ="Start" REUSABLE ="NO" TASKNAME ="Start" TASKTYPE ="Start"/>
        <TASKINSTANCE DESCRIPTION ="" FAIL_PARENT_IF_INSTANCE_DID_NOT_RUN ="YES" FAIL_PARENT_IF_INSTANCE_FAILS ="YES" ISENABLED ="YES" NAME ="s_m_P_TSS_DISCOUNT_AUDIT_DISE_TO_FF" REUSABLE ="NO" TASKNAME ="s_m_P_TSS_DISCOUNT_AUDIT_DISE_TO_FF" TASKTYPE ="Session" TREAT_INPUTLINK_AS_AND ="YES"/>
        <WORKFLOWLINK CONDITION ="" FROMTASK ="Start" TOTASK ="s_m_P_TSS_DISCOUNT_AUDIT_DISE_TO_FF"/>
        <WORKFLOWVARIABLE DATATYPE ="date/time" DEFAULTVALUE ="" DESCRIPTION ="The time this task started" ISNULL ="NO" ISPERSISTENT ="NO" NAME ="$Start.StartTime" USERDEFINED ="NO"/>
        <WORKFLOWVARIABLE DATATYPE ="date/time" DEFAULTVALUE ="" DESCRIPTION ="The time this task completed" ISNULL ="NO" ISPERSISTENT ="NO" NAME ="$Start.EndTime" USERDEFINED ="NO"/>
        <WORKFLOWVARIABLE DATATYPE ="integer" DEFAULTVALUE ="" DESCRIPTION ="Status of this task&apos;s execution" ISNULL ="NO" ISPERSISTENT ="NO" NAME ="$Start.Status" USERDEFINED ="NO"/>
        <WORKFLOWVARIABLE DATATYPE ="integer" DEFAULTVALUE ="" DESCRIPTION ="Status of the previous task that is not disabled" ISNULL ="NO" ISPERSISTENT ="NO" NAME ="$Start.PrevTaskStatus" USERDEFINED ="NO"/>
        <WORKFLOWVARIABLE DATATYPE ="integer" DEFAULTVALUE ="" DESCRIPTION ="Error code for this task&apos;s execution" ISNULL ="NO" ISPERSISTENT ="NO" NAME ="$Start.ErrorCode" USERDEFINED ="NO"/>
        <WORKFLOWVARIABLE DATATYPE ="string" DEFAULTVALUE ="" DESCRIPTION ="Error message for this task&apos;s execution" ISNULL ="NO" ISPERSISTENT ="NO" NAME ="$Start.ErrorMsg" USERDEFINED ="NO"/>
        <WORKFLOWVARIABLE DATATYPE ="date/time" DEFAULTVALUE ="" DESCRIPTION ="The time this task started" ISNULL ="NO" ISPERSISTENT ="NO" NAME ="$s_m_P_TSS_DISCOUNT_AUDIT_DISE_TO_FF.StartTime" USERDEFINED ="NO"/>
        <WORKFLOWVARIABLE DATATYPE ="date/time" DEFAULTVALUE ="" DESCRIPTION ="The time this task completed" ISNULL ="NO" ISPERSISTENT ="NO" NAME ="$s_m_P_TSS_DISCOUNT_AUDIT_DISE_TO_FF.EndTime" USERDEFINED ="NO"/>
        <WORKFLOWVARIABLE DATATYPE ="integer" DEFAULTVALUE ="" DESCRIPTION ="Status of this task&apos;s execution" ISNULL ="NO" ISPERSISTENT ="NO" NAME ="$s_m_P_TSS_DISCOUNT_AUDIT_DISE_TO_FF.Status" USERDEFINED ="NO"/>
        <WORKFLOWVARIABLE DATATYPE ="integer" DEFAULTVALUE ="" DESCRIPTION ="Status of the previous task that is not disabled" ISNULL ="NO" ISPERSISTENT ="NO" NAME ="$s_m_P_TSS_DISCOUNT_AUDIT_DISE_TO_FF.PrevTaskStatus" USERDEFINED ="NO"/>
        <WORKFLOWVARIABLE DATATYPE ="integer" DEFAULTVALUE ="" DESCRIPTION ="Error code for this task&apos;s execution" ISNULL ="NO" ISPERSISTENT ="NO" NAME ="$s_m_P_TSS_DISCOUNT_AUDIT_DISE_TO_FF.ErrorCode" USERDEFINED ="NO"/>
        <WORKFLOWVARIABLE DATATYPE ="string" DEFAULTVALUE ="" DESCRIPTION ="Error message for this task&apos;s execution" ISNULL ="NO" ISPERSISTENT ="NO" NAME ="$s_m_P_TSS_DISCOUNT_AUDIT_DISE_TO_FF.ErrorMsg" USERDEFINED ="NO"/>
        <WORKFLOWVARIABLE DATATYPE ="integer" DEFAULTVALUE ="" DESCRIPTION ="Rows successfully read" ISNULL ="NO" ISPERSISTENT ="NO" NAME ="$s_m_P_TSS_DISCOUNT_AUDIT_DISE_TO_FF.SrcSuccessRows" USERDEFINED ="NO"/>
        <WORKFLOWVARIABLE DATATYPE ="integer" DEFAULTVALUE ="" DESCRIPTION ="Rows failed to read" ISNULL ="NO" ISPERSISTENT ="NO" NAME ="$s_m_P_TSS_DISCOUNT_AUDIT_DISE_TO_FF.SrcFailedRows" USERDEFINED ="NO"/>
        <WORKFLOWVARIABLE DATATYPE ="integer" DEFAULTVALUE ="" DESCRIPTION ="Rows successfully loaded" ISNULL ="NO" ISPERSISTENT ="NO" NAME ="$s_m_P_TSS_DISCOUNT_AUDIT_DISE_TO_FF.TgtSuccessRows" USERDEFINED ="NO"/>
        <WORKFLOWVARIABLE DATATYPE ="integer" DEFAULTVALUE ="" DESCRIPTION ="Rows failed to load" ISNULL ="NO" ISPERSISTENT ="NO" NAME ="$s_m_P_TSS_DISCOUNT_AUDIT_DISE_TO_FF.TgtFailedRows" USERDEFINED ="NO"/>
        <WORKFLOWVARIABLE DATATYPE ="integer" DEFAULTVALUE ="" DESCRIPTION ="Total number of transformation errors" ISNULL ="NO" ISPERSISTENT ="NO" NAME ="$s_m_P_TSS_DISCOUNT_AUDIT_DISE_TO_FF.TotalTransErrors" USERDEFINED ="NO"/>
        <WORKFLOWVARIABLE DATATYPE ="integer" DEFAULTVALUE ="" DESCRIPTION ="First error code" ISNULL ="NO" ISPERSISTENT ="NO" NAME ="$s_m_P_TSS_DISCOUNT_AUDIT_DISE_TO_FF.FirstErrorCode" USERDEFINED ="NO"/>
        <WORKFLOWVARIABLE DATATYPE ="string" DEFAULTVALUE ="" DESCRIPTION ="First error message" ISNULL ="NO" ISPERSISTENT ="NO" NAME ="$s_m_P_TSS_DISCOUNT_AUDIT_DISE_TO_FF.FirstErrorMsg" USERDEFINED ="NO"/>
        <ATTRIBUTE NAME ="Parameter Filename" VALUE =""/>
        <ATTRIBUTE NAME ="Write Backward Compatible Workflow Log File" VALUE ="NO"/>
        <ATTRIBUTE NAME ="Workflow Log File Name" VALUE ="wf_P_TS_DISCOUNT_AUDIT_DISE_TO_FF.log"/>
        <ATTRIBUTE NAME ="Workflow Log File Directory" VALUE ="$PMWorkflowLogDir&#x5c;"/>
        <ATTRIBUTE NAME ="Save Workflow log by" VALUE ="By runs"/>
        <ATTRIBUTE NAME ="Save workflow log for these runs" VALUE ="0"/>
        <ATTRIBUTE NAME ="Service Name" VALUE =""/>
        <ATTRIBUTE NAME ="Service Timeout" VALUE ="0"/>
        <ATTRIBUTE NAME ="Is Service Visible" VALUE ="NO"/>
        <ATTRIBUTE NAME ="Is Service Protected" VALUE ="NO"/>
        <ATTRIBUTE NAME ="Fail task after wait time" VALUE ="0"/>
        <ATTRIBUTE NAME ="Enable HA recovery" VALUE ="NO"/>
        <ATTRIBUTE NAME ="Automatically recover terminated tasks" VALUE ="NO"/>
        <ATTRIBUTE NAME ="Service Level Name" VALUE ="Default"/>
        <ATTRIBUTE NAME ="Allow concurrent run with unique run instance name" VALUE ="NO"/>
        <ATTRIBUTE NAME ="Allow concurrent run with same run instance name" VALUE ="NO"/>
        <ATTRIBUTE NAME ="Maximum number of concurrent runs" VALUE ="0"/>
        <ATTRIBUTE NAME ="Assigned Web Services Hubs" VALUE =""/>
        <ATTRIBUTE NAME ="Maximum number of concurrent runs per Hub" VALUE ="1000"/>
        <ATTRIBUTE NAME ="Expected Service Time" VALUE ="1"/>
    </WORKFLOW>
</FOLDER>
</REPOSITORY>
</POWERMART>